"BFS-Nr","Gemeinde","Jahr","Aufgabenbereich Name","Aufgabe Name","Aufgabenstelle Name","Aufgabenbereich Nummer","Aufgabe Nummer","Aufgabenstelle Nummer","Kontenbereich Name","Kontenklasse Name","Kontengruppe Name","Konto Name","Kontenbereich Nummer","Kontenklasse Nummer","Kontengruppe Nummer","Konto Nummer","Saldo"
"327","Gutenburg","2006","","","","","","","[1] Aktiven","[10] Finanzvermögen","[100] Flüssige Mittel","[1000] Kasse","1","10","100","1000","341.65"
"327","Gutenburg","2006","","","","","","","[1] Aktiven","[10] Finanzvermögen","[100] Flüssige Mittel","[1001] Post","1","10","100","1001","69893.10"
"327","Gutenburg","2006","","","","","","","[1] Aktiven","[10] Finanzvermögen","[100] Flüssige Mittel","[1002] Banken","1","10","100","1002","68337.35"
"327","Gutenburg","2006","","","","","","","[1] Aktiven","[10] Finanzvermögen","[101] Guthaben","[1011] Kontokorrente","1","10","101","1011","6674.60"
"327","Gutenburg","2006","","","","","","","[1] Aktiven","[10] Finanzvermögen","[101] Guthaben","[1012] Steuerguthaben","1","10","101","1012","118703.20"
"327","Gutenburg","2006","","","","","","","[1] Aktiven","[10] Finanzvermögen","[101] Guthaben","[1013] Rückerstattungen von Gemeinwesen","1","10","101","1013","18850.10"
"327","Gutenburg","2006","","","","","","","[1] Aktiven","[10] Finanzvermögen","[101] Guthaben","[1015] Andere Debitoren","1","10","101","1015","30839.15"
"327","Gutenburg","2006","","","","","","","[1] Aktiven","[10] Finanzvermögen","[102] Anlagen","[1020] Festverzinsliche Wertpapiere","1","10","102","1020","1039169.55"
"327","Gutenburg","2006","","","","","","","[1] Aktiven","[10] Finanzvermögen","[102] Anlagen","[1023] Liegenschaften","1","10","102","1023","1440.00"
"327","Gutenburg","2006","","","","","","","[1] Aktiven","[11] Verwaltungsvermögen","[115] Darlehen und Beteiligungen","[1154] Gemischtwirtschaftliche Unternehmungen","1","11","115","1154","50000.00"
"327","Gutenburg","2006","","","","","","","[2] Passiven","[20] Fremdkapital","[200] Laufende Verpflichtungen","[2000] Kreditoren","2","20","200","2000","36818.60"
"327","Gutenburg","2006","","","","","","","[2] Passiven","[20] Fremdkapital","[203] Verpflichtungen für Sonderrechnungen","[2033] Verwaltete Stiftungen","2","20","203","2033","11200.10"
"327","Gutenburg","2006","","","","","","","[2] Passiven","[20] Fremdkapital","[204] Rückstellungen","[2049] Wertberichtigung auf Guthaben","2","20","204","2049","10000.00"
"327","Gutenburg","2006","","","","","","","[2] Passiven","[22] Spezialfinanzierungen","[228] Verpflichtungen für Spezialfinanzierungen","[2280] Spezialfinanzierungen gestützt auf übergeordnetes Recht","2","22","228","2280","187621.15"
"327","Gutenburg","2006","","","","","","","[2] Passiven","[22] Spezialfinanzierungen","[228] Verpflichtungen für Spezialfinanzierungen","[2281] Spezialfinanzierungen gestützt auf Gemeindereglemente","2","22","228","2281","28530.55"
"327","Gutenburg","2006","","","","","","","[2] Passiven","[23] Eigenkapital","[239] Eigenkapital","[2390] Eigenkapital","2","23","239","2390","1130078.30"
"327","Gutenburg","2006","[0] ALLGEMEINE VERWALTUNG","[01] Legislative und Exekutive","[011] Legislative","0","1","11","[3] Aufwand","[3] AUFWAND","[30] Personalaufwand","[300] Personalaufwand der Behörden und Kommissionen","3","3","30","300","860.00"
"327","Gutenburg","2006","[0] ALLGEMEINE VERWALTUNG","[01] Legislative und Exekutive","[012] Exekutive","0","1","12","[3] Aufwand","[3] AUFWAND","[30] Personalaufwand","[300] Personalaufwand der Behörden und Kommissionen","3","3","30","300","10037.50"
"327","Gutenburg","2006","[0] ALLGEMEINE VERWALTUNG","[02] Allgemeine Verwaltung","[029] Allgemeine Verwaltung","0","2","29","[3] Aufwand","[3] AUFWAND","[30] Personalaufwand","[300] Personalaufwand der Behörden und Kommissionen","3","3","30","300","720.00"
"327","Gutenburg","2006","[7] UMWELT UND RAUMORDNUNG","[70] Wasserversorgung","[700] Wasserversorgung","7","70","700","[3] Aufwand","[3] AUFWAND","[30] Personalaufwand","[300] Personalaufwand der Behörden und Kommissionen","3","3","30","300","272.50"
"327","Gutenburg","2006","[0] ALLGEMEINE VERWALTUNG","[02] Allgemeine Verwaltung","[029] Allgemeine Verwaltung","0","2","29","[3] Aufwand","[3] AUFWAND","[30] Personalaufwand","[301] Löhne des Verwaltungs- + Betriebspersonals","3","3","30","301","46562.00"
"327","Gutenburg","2006","[0] ALLGEMEINE VERWALTUNG","[09] Nicht aufteilbare Aufgaben","[090] Verwaltungsliegenschaften","0","9","90","[3] Aufwand","[3] AUFWAND","[30] Personalaufwand","[301] Löhne des Verwaltungs- + Betriebspersonals","3","3","30","301","288.00"
"327","Gutenburg","2006","[1] OEFFENTLICHE SICHERHEIT","[16] Zivile Landesverteidigung","[160] Zivilschutz","1","16","160","[3] Aufwand","[3] AUFWAND","[30] Personalaufwand","[301] Löhne des Verwaltungs- + Betriebspersonals","3","3","30","301","360.00"
"327","Gutenburg","2006","[3] KULTUR UND FREIZEIT","[32] Massenmedien","[320] Massenmedien","3","32","320","[3] Aufwand","[3] AUFWAND","[30] Personalaufwand","[301] Löhne des Verwaltungs- + Betriebspersonals","3","3","30","301","848.30"
"327","Gutenburg","2006","[0] ALLGEMEINE VERWALTUNG","[02] Allgemeine Verwaltung","[029] Allgemeine Verwaltung","0","2","29","[3] Aufwand","[3] AUFWAND","[30] Personalaufwand","[303] Sozialversicherungsbeiträge","3","3","30","303","2974.30"
"327","Gutenburg","2006","[3] KULTUR UND FREIZEIT","[32] Massenmedien","[320] Massenmedien","3","32","320","[3] Aufwand","[3] AUFWAND","[30] Personalaufwand","[303] Sozialversicherungsbeiträge","3","3","30","303","50.50"
"327","Gutenburg","2006","[6] VERKEHR","[62] Gemeindestrassen","[620] Gemeindestrassennetz","6","62","620","[3] Aufwand","[3] AUFWAND","[30] Personalaufwand","[303] Sozialversicherungsbeiträge","3","3","30","303","44.90"
"327","Gutenburg","2006","[0] ALLGEMEINE VERWALTUNG","[02] Allgemeine Verwaltung","[029] Allgemeine Verwaltung","0","2","29","[3] Aufwand","[3] AUFWAND","[30] Personalaufwand","[304] Personalversicherungsbeiträge","3","3","30","304","1763.60"
"327","Gutenburg","2006","[0] ALLGEMEINE VERWALTUNG","[02] Allgemeine Verwaltung","[029] Allgemeine Verwaltung","0","2","29","[3] Aufwand","[3] AUFWAND","[30] Personalaufwand","[305] Unfall- und Krankenversicherungsbeiträge","3","3","30","305","1367.40"
"327","Gutenburg","2006","[0] ALLGEMEINE VERWALTUNG","[02] Allgemeine Verwaltung","[029] Allgemeine Verwaltung","0","2","29","[3] Aufwand","[3] AUFWAND","[30] Personalaufwand","[308] Entschädigungen für temporäre Arbeitskräfte","3","3","30","308","230.00"
"327","Gutenburg","2006","[0] ALLGEMEINE VERWALTUNG","[02] Allgemeine Verwaltung","[029] Allgemeine Verwaltung","0","2","29","[3] Aufwand","[3] AUFWAND","[30] Personalaufwand","[309] Uebriger Personalaufwand","3","3","30","309","1052.00"
"327","Gutenburg","2006","[0] ALLGEMEINE VERWALTUNG","[01] Legislative und Exekutive","[011] Legislative","0","1","11","[3] Aufwand","[3] AUFWAND","[31] Sachaufwand","[310] Büro- und Schulmaterialien, Drucksachen","3","3","31","310","676.75"
"327","Gutenburg","2006","[0] ALLGEMEINE VERWALTUNG","[02] Allgemeine Verwaltung","[029] Allgemeine Verwaltung","0","2","29","[3] Aufwand","[3] AUFWAND","[31] Sachaufwand","[310] Büro- und Schulmaterialien, Drucksachen","3","3","31","310","2760.15"
"327","Gutenburg","2006","[7] UMWELT UND RAUMORDNUNG","[72] Abfallentsorgung","[720] Abfallentsorgung","7","72","720","[3] Aufwand","[3] AUFWAND","[31] Sachaufwand","[311] Anschaffung Mobilien, Maschinen, Fahrzeuge","3","3","31","311","763.95"
"327","Gutenburg","2006","[0] ALLGEMEINE VERWALTUNG","[09] Nicht aufteilbare Aufgaben","[090] Verwaltungsliegenschaften","0","9","90","[3] Aufwand","[3] AUFWAND","[31] Sachaufwand","[312] Wasser, Energie, Heizmaterialien","3","3","31","312","369.60"
"327","Gutenburg","2006","[1] OEFFENTLICHE SICHERHEIT","[16] Zivile Landesverteidigung","[160] Zivilschutz","1","16","160","[3] Aufwand","[3] AUFWAND","[31] Sachaufwand","[312] Wasser, Energie, Heizmaterialien","3","3","31","312","412.15"
"327","Gutenburg","2006","[6] VERKEHR","[62] Gemeindestrassen","[620] Gemeindestrassennetz","6","62","620","[3] Aufwand","[3] AUFWAND","[31] Sachaufwand","[312] Wasser, Energie, Heizmaterialien","3","3","31","312","3299.65"
"327","Gutenburg","2006","[8] VOLKSWIRTSCHAFT","[86] Energie","[860] Elektrizität","8","86","860","[3] Aufwand","[3] AUFWAND","[31] Sachaufwand","[312] Wasser, Energie, Heizmaterialien","3","3","31","312","32545.50"
"327","Gutenburg","2006","[6] VERKEHR","[62] Gemeindestrassen","[620] Gemeindestrassennetz","6","62","620","[3] Aufwand","[3] AUFWAND","[31] Sachaufwand","[313] Verbrauchsmaterialien","3","3","31","313","62.50"
"327","Gutenburg","2006","[6] VERKEHR","[62] Gemeindestrassen","[620] Gemeindestrassennetz","6","62","620","[3] Aufwand","[3] AUFWAND","[31] Sachaufwand","[314] Dienstleistungen Dritter für den baulichen Unterhalt","3","3","31","314","14329.50"
"327","Gutenburg","2006","[7] UMWELT UND RAUMORDNUNG","[70] Wasserversorgung","[700] Wasserversorgung","7","70","700","[3] Aufwand","[3] AUFWAND","[31] Sachaufwand","[314] Dienstleistungen Dritter für den baulichen Unterhalt","3","3","31","314","957.20"
"327","Gutenburg","2006","[7] UMWELT UND RAUMORDNUNG","[71] Abwasserentsorgung","[710] Abwasserentsorgung","7","71","710","[3] Aufwand","[3] AUFWAND","[31] Sachaufwand","[314] Dienstleistungen Dritter für den baulichen Unterhalt","3","3","31","314","268.35"
"327","Gutenburg","2006","[7] UMWELT UND RAUMORDNUNG","[75] Gewässerverbauungen","[750] Gewässerverbauungen","7","75","750","[3] Aufwand","[3] AUFWAND","[31] Sachaufwand","[314] Dienstleistungen Dritter für den baulichen Unterhalt","3","3","31","314","1142.00"
"327","Gutenburg","2006","[0] ALLGEMEINE VERWALTUNG","[02] Allgemeine Verwaltung","[029] Allgemeine Verwaltung","0","2","29","[3] Aufwand","[3] AUFWAND","[31] Sachaufwand","[315] Dienstleistungen Dritter für den übrigen Unterhalt","3","3","31","315","503.30"
"327","Gutenburg","2006","[0] ALLGEMEINE VERWALTUNG","[02] Allgemeine Verwaltung","[029] Allgemeine Verwaltung","0","2","29","[3] Aufwand","[3] AUFWAND","[31] Sachaufwand","[316] Mieten, Pachten, Benützungskosten","3","3","31","316","100.00"
"327","Gutenburg","2006","[0] ALLGEMEINE VERWALTUNG","[09] Nicht aufteilbare Aufgaben","[090] Verwaltungsliegenschaften","0","9","90","[3] Aufwand","[3] AUFWAND","[31] Sachaufwand","[316] Mieten, Pachten, Benützungskosten","3","3","31","316","6210.70"
"327","Gutenburg","2006","[1] OEFFENTLICHE SICHERHEIT","[14] Wehrdienste","[140] Wehrdienste","1","14","140","[3] Aufwand","[3] AUFWAND","[31] Sachaufwand","[316] Mieten, Pachten, Benützungskosten","3","3","31","316","3600.00"
"327","Gutenburg","2006","[7] UMWELT UND RAUMORDNUNG","[72] Abfallentsorgung","[720] Abfallentsorgung","7","72","720","[3] Aufwand","[3] AUFWAND","[31] Sachaufwand","[316] Mieten, Pachten, Benützungskosten","3","3","31","316","360.00"
"327","Gutenburg","2006","[0] ALLGEMEINE VERWALTUNG","[01] Legislative und Exekutive","[011] Legislative","0","1","11","[3] Aufwand","[3] AUFWAND","[31] Sachaufwand","[317] Spesenentschädigungen","3","3","31","317","962.40"
"327","Gutenburg","2006","[0] ALLGEMEINE VERWALTUNG","[01] Legislative und Exekutive","[012] Exekutive","0","1","12","[3] Aufwand","[3] AUFWAND","[31] Sachaufwand","[317] Spesenentschädigungen","3","3","31","317","8186.40"
"327","Gutenburg","2006","[0] ALLGEMEINE VERWALTUNG","[02] Allgemeine Verwaltung","[029] Allgemeine Verwaltung","0","2","29","[3] Aufwand","[3] AUFWAND","[31] Sachaufwand","[318] Dienstleistungen und Honorare, allg. Verwaltungsaufwand","3","3","31","318","6314.00"
"327","Gutenburg","2006","[1] OEFFENTLICHE SICHERHEIT","[10] Rechtsaufsicht","[100] Mass und Gewicht","1","10","100","[3] Aufwand","[3] AUFWAND","[31] Sachaufwand","[318] Dienstleistungen und Honorare, allg. Verwaltungsaufwand","3","3","31","318","950.45"
"327","Gutenburg","2006","[1] OEFFENTLICHE SICHERHEIT","[10] Rechtsaufsicht","[101] Uebrige Rechtspflege","1","10","101","[3] Aufwand","[3] AUFWAND","[31] Sachaufwand","[318] Dienstleistungen und Honorare, allg. Verwaltungsaufwand","3","3","31","318","1893.60"
"327","Gutenburg","2006","[1] OEFFENTLICHE SICHERHEIT","[14] Wehrdienste","[140] Wehrdienste","1","14","140","[3] Aufwand","[3] AUFWAND","[31] Sachaufwand","[318] Dienstleistungen und Honorare, allg. Verwaltungsaufwand","3","3","31","318","200.00"
"327","Gutenburg","2006","[3] KULTUR UND FREIZEIT","[32] Massenmedien","[321] Antennen- + Kabelanlagen","3","32","321","[3] Aufwand","[3] AUFWAND","[31] Sachaufwand","[318] Dienstleistungen und Honorare, allg. Verwaltungsaufwand","3","3","31","318","5904.55"
"327","Gutenburg","2006","[4] GESUNDHEIT","[46] Schulgesundheitsdienst","[461] Schulzahnärztliche Pflege","4","46","461","[3] Aufwand","[3] AUFWAND","[31] Sachaufwand","[318] Dienstleistungen und Honorare, allg. Verwaltungsaufwand","3","3","31","318","142.80"
"327","Gutenburg","2006","[4] GESUNDHEIT","[47] Lebensmittelkontrolle","[470] Lebensmittelkontrolle","4","47","470","[3] Aufwand","[3] AUFWAND","[31] Sachaufwand","[318] Dienstleistungen und Honorare, allg. Verwaltungsaufwand","3","3","31","318","213.00"
"327","Gutenburg","2006","[6] VERKEHR","[69] Uebriger Verkehr","[690] Uebriger Verkehr","6","69","690","[3] Aufwand","[3] AUFWAND","[31] Sachaufwand","[318] Dienstleistungen und Honorare, allg. Verwaltungsaufwand","3","3","31","318","150.00"
"327","Gutenburg","2006","[7] UMWELT UND RAUMORDNUNG","[72] Abfallentsorgung","[720] Abfallentsorgung","7","72","720","[3] Aufwand","[3] AUFWAND","[31] Sachaufwand","[318] Dienstleistungen und Honorare, allg. Verwaltungsaufwand","3","3","31","318","4331.20"
"327","Gutenburg","2006","[8] VOLKSWIRTSCHAFT","[80] Landwirtschaft","[800] Landwirtschaft","8","80","800","[3] Aufwand","[3] AUFWAND","[31] Sachaufwand","[318] Dienstleistungen und Honorare, allg. Verwaltungsaufwand","3","3","31","318","310.50"
"327","Gutenburg","2006","[8] VOLKSWIRTSCHAFT","[86] Energie","[860] Elektrizität","8","86","860","[3] Aufwand","[3] AUFWAND","[31] Sachaufwand","[318] Dienstleistungen und Honorare, allg. Verwaltungsaufwand","3","3","31","318","408.65"
"327","Gutenburg","2006","[1] OEFFENTLICHE SICHERHEIT","[16] Zivile Landesverteidigung","[160] Zivilschutz","1","16","160","[3] Aufwand","[3] AUFWAND","[31] Sachaufwand","[319] Uebriger Sachaufwand","3","3","31","319","67.30"
"327","Gutenburg","2006","[9] FINANZEN UND STEUERN","[94] Vermögens- und Schuldenverwaltung","[940] Zinsen","9","94","940","[3] Aufwand","[3] AUFWAND","[32] Passivzinsen","[321] Kurzfristige Schulden","3","3","32","321","589.70"
"327","Gutenburg","2006","[9] FINANZEN UND STEUERN","[94] Vermögens- und Schuldenverwaltung","[940] Zinsen","9","94","940","[3] Aufwand","[3] AUFWAND","[32] Passivzinsen","[323] Sonderrechnungen","3","3","32","323","424.15"
"327","Gutenburg","2006","[1] OEFFENTLICHE SICHERHEIT","[14] Wehrdienste","[140] Wehrdienste","1","14","140","[3] Aufwand","[3] AUFWAND","[33] Abschreibungen","[330] Finanzvermögen","3","3","33","330","20.00"
"327","Gutenburg","2006","[7] UMWELT UND RAUMORDNUNG","[72] Abfallentsorgung","[720] Abfallentsorgung","7","72","720","[3] Aufwand","[3] AUFWAND","[33] Abschreibungen","[330] Finanzvermögen","3","3","33","330","8.35"
"327","Gutenburg","2006","[9] FINANZEN UND STEUERN","[90] Steuern","[903] Steuerabschreibungen","9","90","903","[3] Aufwand","[3] AUFWAND","[33] Abschreibungen","[330] Finanzvermögen","3","3","33","330","1006.30"
"327","Gutenburg","2006","[9] FINANZEN UND STEUERN","[99] Nicht aufgeteilte Posten","[990] Abschreibungen","9","99","990","[3] Aufwand","[3] AUFWAND","[33] Abschreibungen","[330] Finanzvermögen","3","3","33","330","525.85"
"327","Gutenburg","2006","[7] UMWELT UND RAUMORDNUNG","[70] Wasserversorgung","[700] Wasserversorgung","7","70","700","[3] Aufwand","[3] AUFWAND","[33] Abschreibungen","[331] Verwaltungsvermögen - harmonisierte Abschreibungen","3","3","33","331","3338.00"
"327","Gutenburg","2006","[7] UMWELT UND RAUMORDNUNG","[71] Abwasserentsorgung","[710] Abwasserentsorgung","7","71","710","[3] Aufwand","[3] AUFWAND","[33] Abschreibungen","[331] Verwaltungsvermögen - harmonisierte Abschreibungen","3","3","33","331","6465.00"
"327","Gutenburg","2006","[9] FINANZEN UND STEUERN","[99] Nicht aufgeteilte Posten","[990] Abschreibungen","9","99","990","[3] Aufwand","[3] AUFWAND","[33] Abschreibungen","[331] Verwaltungsvermögen - harmonisierte Abschreibungen","3","3","33","331","13044.70"
"327","Gutenburg","2006","[7] UMWELT UND RAUMORDNUNG","[70] Wasserversorgung","[700] Wasserversorgung","7","70","700","[3] Aufwand","[3] AUFWAND","[33] Abschreibungen","[332] Verwaltungsvermögen - übrige Abschreibungen","3","3","33","332","51629.70"
"327","Gutenburg","2006","[7] UMWELT UND RAUMORDNUNG","[71] Abwasserentsorgung","[710] Abwasserentsorgung","7","71","710","[3] Aufwand","[3] AUFWAND","[33] Abschreibungen","[332] Verwaltungsvermögen - übrige Abschreibungen","3","3","33","332","8170.10"
"327","Gutenburg","2006","[9] FINANZEN UND STEUERN","[99] Nicht aufgeteilte Posten","[990] Abschreibungen","9","99","990","[3] Aufwand","[3] AUFWAND","[33] Abschreibungen","[332] Verwaltungsvermögen - übrige Abschreibungen","3","3","33","332","117411.00"
"327","Gutenburg","2006","[0] ALLGEMEINE VERWALTUNG","[02] Allgemeine Verwaltung","[029] Allgemeine Verwaltung","0","2","29","[3] Aufwand","[3] AUFWAND","[35] Entschädigungen an Gemeinwesen","[351] Kanton","3","3","35","351","2162.60"
"327","Gutenburg","2006","[2] BILDUNG","[20] Kindergarten","[200] Kindergarten","2","20","200","[3] Aufwand","[3] AUFWAND","[35] Entschädigungen an Gemeinwesen","[351] Kanton","3","3","35","351","1939.40"
"327","Gutenburg","2006","[2] BILDUNG","[21] Volksschule","[210] Primarstufe (1. - 6. Schuljahr)","2","21","210","[3] Aufwand","[3] AUFWAND","[35] Entschädigungen an Gemeinwesen","[351] Kanton","3","3","35","351","14646.95"
"327","Gutenburg","2006","[2] BILDUNG","[21] Volksschule","[212] Sekundarstufe 1 (7. - 9. Schuljahr, Real- + Sekundarschule)","2","21","212","[3] Aufwand","[3] AUFWAND","[35] Entschädigungen an Gemeinwesen","[351] Kanton","3","3","35","351","8793.05"
"327","Gutenburg","2006","[5] SOZIALE WOHLFAHRT","[58] Sozialhilfe","[587] Lastenausgleich","5","58","587","[3] Aufwand","[3] AUFWAND","[35] Entschädigungen an Gemeinwesen","[351] Kanton","3","3","35","351","44293.10"
"327","Gutenburg","2006","[6] VERKEHR","[69] Uebriger Verkehr","[690] Uebriger Verkehr","6","69","690","[3] Aufwand","[3] AUFWAND","[35] Entschädigungen an Gemeinwesen","[351] Kanton","3","3","35","351","9965.00"
"327","Gutenburg","2006","[1] OEFFENTLICHE SICHERHEIT","[10] Rechtsaufsicht","[101] Uebrige Rechtspflege","1","10","101","[3] Aufwand","[3] AUFWAND","[35] Entschädigungen an Gemeinwesen","[352] Gemeinden","3","3","35","352","1137.35"
"327","Gutenburg","2006","[1] OEFFENTLICHE SICHERHEIT","[15] Militärische Landesverteidigung","[151] Militär","1","15","151","[3] Aufwand","[3] AUFWAND","[35] Entschädigungen an Gemeinwesen","[352] Gemeinden","3","3","35","352","794.60"
"327","Gutenburg","2006","[2] BILDUNG","[20] Kindergarten","[200] Kindergarten","2","20","200","[3] Aufwand","[3] AUFWAND","[35] Entschädigungen an Gemeinwesen","[352] Gemeinden","3","3","35","352","937.15"
"327","Gutenburg","2006","[2] BILDUNG","[21] Volksschule","[210] Primarstufe (1. - 6. Schuljahr)","2","21","210","[3] Aufwand","[3] AUFWAND","[35] Entschädigungen an Gemeinwesen","[352] Gemeinden","3","3","35","352","14373.05"
"327","Gutenburg","2006","[2] BILDUNG","[21] Volksschule","[212] Sekundarstufe 1 (7. - 9. Schuljahr, Real- + Sekundarschule)","2","21","212","[3] Aufwand","[3] AUFWAND","[35] Entschädigungen an Gemeinwesen","[352] Gemeinden","3","3","35","352","5400.00"
"327","Gutenburg","2006","[5] SOZIALE WOHLFAHRT","[58] Sozialhilfe","[588] Arbeitslosenfürsorge","5","58","588","[3] Aufwand","[3] AUFWAND","[35] Entschädigungen an Gemeinwesen","[352] Gemeinden","3","3","35","352","120.00"
"327","Gutenburg","2006","[7] UMWELT UND RAUMORDNUNG","[72] Abfallentsorgung","[720] Abfallentsorgung","7","72","720","[3] Aufwand","[3] AUFWAND","[35] Entschädigungen an Gemeinwesen","[352] Gemeinden","3","3","35","352","366.00"
"327","Gutenburg","2006","[5] SOZIALE WOHLFAHRT","[50] Altersversicherung","[501] Gemeindeanteil am Beitrag des Kantons für die AHV","5","50","501","[3] Aufwand","[3] AUFWAND","[36] Eigene Beiträge","[361] Kanton","3","3","36","361","7639.00"
"327","Gutenburg","2006","[5] SOZIALE WOHLFAHRT","[51] Invalidenversicherung","[510] Gemeindeanteil am Beitrag des Kantons für die IV","5","51","510","[3] Aufwand","[3] AUFWAND","[36] Eigene Beiträge","[361] Kanton","3","3","36","361","7156.00"
"327","Gutenburg","2006","[5] SOZIALE WOHLFAHRT","[53] Sonstige Sozialversicherungen","[530] Ergänzungsleistungen der AHV, IV","5","53","530","[3] Aufwand","[3] AUFWAND","[36] Eigene Beiträge","[361] Kanton","3","3","36","361","17580.00"
"327","Gutenburg","2006","[9] FINANZEN UND STEUERN","[92] Finanzausgleich","[920] Finanzausgleich","9","92","920","[3] Aufwand","[3] AUFWAND","[36] Eigene Beiträge","[361] Kanton","3","3","36","361","1410.00"
"327","Gutenburg","2006","[1] OEFFENTLICHE SICHERHEIT","[14] Wehrdienste","[140] Wehrdienste","1","14","140","[3] Aufwand","[3] AUFWAND","[36] Eigene Beiträge","[362] Gemeinden","3","3","36","362","12497.50"
"327","Gutenburg","2006","[2] BILDUNG","[22] Sonderschulen","[220] Sonderschulen","2","22","220","[3] Aufwand","[3] AUFWAND","[36] Eigene Beiträge","[362] Gemeinden","3","3","36","362","4150.90"
"327","Gutenburg","2006","[3] KULTUR UND FREIZEIT","[30] Kulturförderung","[309] Uebrige Kulturförderung","3","30","309","[3] Aufwand","[3] AUFWAND","[36] Eigene Beiträge","[362] Gemeinden","3","3","36","362","712.00"
"327","Gutenburg","2006","[5] SOZIALE WOHLFAHRT","[58] Sozialhilfe","[582] Weitere Wohlfahrts-, Vor- + Fürsorgeeinrichtungen","5","58","582","[3] Aufwand","[3] AUFWAND","[36] Eigene Beiträge","[362] Gemeinden","3","3","36","362","1770.75"
"327","Gutenburg","2006","[7] UMWELT UND RAUMORDNUNG","[70] Wasserversorgung","[700] Wasserversorgung","7","70","700","[3] Aufwand","[3] AUFWAND","[36] Eigene Beiträge","[362] Gemeinden","3","3","36","362","4285.40"
"327","Gutenburg","2006","[7] UMWELT UND RAUMORDNUNG","[74] Friedhof und Bestattung","[740] Friedhof und Bestattung","7","74","740","[3] Aufwand","[3] AUFWAND","[36] Eigene Beiträge","[362] Gemeinden","3","3","36","362","4375.55"
"327","Gutenburg","2006","[7] UMWELT UND RAUMORDNUNG","[71] Abwasserentsorgung","[710] Abwasserentsorgung","7","71","710","[3] Aufwand","[3] AUFWAND","[36] Eigene Beiträge","[364] Gemischtwirtschaftliche Unternehmungen","3","3","36","364","15225.85"
"327","Gutenburg","2006","[0] ALLGEMEINE VERWALTUNG","[01] Legislative und Exekutive","[011] Legislative","0","1","11","[3] Aufwand","[3] AUFWAND","[36] Eigene Beiträge","[365] Private Institutionen","3","3","36","365","51.00"
"327","Gutenburg","2006","[0] ALLGEMEINE VERWALTUNG","[02] Allgemeine Verwaltung","[029] Allgemeine Verwaltung","0","2","29","[3] Aufwand","[3] AUFWAND","[36] Eigene Beiträge","[365] Private Institutionen","3","3","36","365","1221.50"
"327","Gutenburg","2006","[1] OEFFENTLICHE SICHERHEIT","[16] Zivile Landesverteidigung","[160] Zivilschutz","1","16","160","[3] Aufwand","[3] AUFWAND","[36] Eigene Beiträge","[365] Private Institutionen","3","3","36","365","1416.00"
"327","Gutenburg","2006","[1] OEFFENTLICHE SICHERHEIT","[16] Zivile Landesverteidigung","[161] Uebrige zivile Landesverteidigung","1","16","161","[3] Aufwand","[3] AUFWAND","[36] Eigene Beiträge","[365] Private Institutionen","3","3","36","365","500.00"
"327","Gutenburg","2006","[2] BILDUNG","[21] Volksschule","[214] Musikschulen","2","21","214","[3] Aufwand","[3] AUFWAND","[36] Eigene Beiträge","[365] Private Institutionen","3","3","36","365","4576.50"
"327","Gutenburg","2006","[4] GESUNDHEIT","[44] Ambulante Krankenpflege","[440] Spitex/Krankenpflege","4","44","440","[3] Aufwand","[3] AUFWAND","[36] Eigene Beiträge","[365] Private Institutionen","3","3","36","365","50.00"
"327","Gutenburg","2006","[4] GESUNDHEIT","[45] Krankheitsbekämpfung","[450] Krankheitsbekämpfung","4","45","450","[3] Aufwand","[3] AUFWAND","[36] Eigene Beiträge","[365] Private Institutionen","3","3","36","365","62.50"
"327","Gutenburg","2006","[7] UMWELT UND RAUMORDNUNG","[79] Raumordnung","[790] Raumplanung","7","79","790","[3] Aufwand","[3] AUFWAND","[36] Eigene Beiträge","[365] Private Institutionen","3","3","36","365","438.00"
"327","Gutenburg","2006","[3] KULTUR UND FREIZEIT","[35] Uebrige Freizeitgestaltung","[350] Uebrige Freizeitgestaltung","3","35","350","[3] Aufwand","[3] AUFWAND","[36] Eigene Beiträge","[366] Private Haushalte","3","3","36","366","1080.30"
"327","Gutenburg","2006","[5] SOZIALE WOHLFAHRT","[52] Krankenversicherung","[520] Krankenversicherung","5","52","520","[3] Aufwand","[3] AUFWAND","[36] Eigene Beiträge","[366] Private Haushalte","3","3","36","366","1038.80"
"327","Gutenburg","2006","[5] SOZIALE WOHLFAHRT","[58] Sozialhilfe","[580] Sozialhilfe","5","58","580","[3] Aufwand","[3] AUFWAND","[36] Eigene Beiträge","[366] Private Haushalte","3","3","36","366","20855.60"
"327","Gutenburg","2006","[5] SOZIALE WOHLFAHRT","[58] Sozialhilfe","[581] Zuschüsse an minderbemittelte Personen","5","58","581","[3] Aufwand","[3] AUFWAND","[36] Eigene Beiträge","[366] Private Haushalte","3","3","36","366","2340.00"
"327","Gutenburg","2006","[5] SOZIALE WOHLFAHRT","[58] Sozialhilfe","[585] Inkassohilfe und Bevorschuss.von Unterhaltsbeitr.für Kinder","5","58","585","[3] Aufwand","[3] AUFWAND","[36] Eigene Beiträge","[366] Private Haushalte","3","3","36","366","13024.00"
"327","Gutenburg","2006","[7] UMWELT UND RAUMORDNUNG","[74] Friedhof und Bestattung","[740] Friedhof und Bestattung","7","74","740","[3] Aufwand","[3] AUFWAND","[36] Eigene Beiträge","[366] Private Haushalte","3","3","36","366","2128.60"
"327","Gutenburg","2006","[3] KULTUR UND FREIZEIT","[32] Massenmedien","[321] Antennen- + Kabelanlagen","3","32","321","[3] Aufwand","[3] AUFWAND","[38] Einlagen in Spezialfinanzierungen","[380] Einlagen in Spezialfinanzierungen","3","3","38","380","6883.25"
"327","Gutenburg","2006","[7] UMWELT UND RAUMORDNUNG","[70] Wasserversorgung","[700] Wasserversorgung","7","70","700","[3] Aufwand","[3] AUFWAND","[38] Einlagen in Spezialfinanzierungen","[380] Einlagen in Spezialfinanzierungen","3","3","38","380","3338.00"
"327","Gutenburg","2006","[7] UMWELT UND RAUMORDNUNG","[71] Abwasserentsorgung","[710] Abwasserentsorgung","7","71","710","[3] Aufwand","[3] AUFWAND","[38] Einlagen in Spezialfinanzierungen","[380] Einlagen in Spezialfinanzierungen","3","3","38","380","13440.70"
"327","Gutenburg","2006","[3] KULTUR UND FREIZEIT","[32] Massenmedien","[321] Antennen- + Kabelanlagen","3","32","321","[3] Aufwand","[3] AUFWAND","[39] Interne Verrechnungen","[390] Verrechneter Aufwand","3","3","39","390","1000.00"
"327","Gutenburg","2006","[5] SOZIALE WOHLFAHRT","[50] Altersversicherung","[500] AHV-Zweigstelle","5","50","500","[3] Aufwand","[3] AUFWAND","[39] Interne Verrechnungen","[390] Verrechneter Aufwand","3","3","39","390","3500.00"
"327","Gutenburg","2006","[7] UMWELT UND RAUMORDNUNG","[70] Wasserversorgung","[700] Wasserversorgung","7","70","700","[3] Aufwand","[3] AUFWAND","[39] Interne Verrechnungen","[390] Verrechneter Aufwand","3","3","39","390","1000.00"
"327","Gutenburg","2006","[7] UMWELT UND RAUMORDNUNG","[71] Abwasserentsorgung","[710] Abwasserentsorgung","7","71","710","[3] Aufwand","[3] AUFWAND","[39] Interne Verrechnungen","[390] Verrechneter Aufwand","3","3","39","390","1000.00"
"327","Gutenburg","2006","[9] FINANZEN UND STEUERN","[94] Vermögens- und Schuldenverwaltung","[940] Zinsen","9","94","940","[3] Aufwand","[3] AUFWAND","[39] Interne Verrechnungen","[391] Verrechnete Zinsen","3","3","39","391","1420.00"
"327","Gutenburg","2006","[3] KULTUR UND FREIZEIT","[32] Massenmedien","[321] Antennen- + Kabelanlagen","3","32","321","[3] Aufwand","[3] AUFWAND","[39] Interne Verrechnungen","[392] Verrechnete Abschreibungen","3","3","39","392","2656.70"
"327","Gutenburg","2006","[9] FINANZEN UND STEUERN","[90] Steuern","[900] Obligatorische periodische Steuern","9","90","900","[4] Ertrag","[4] ERTRAG","[40] Steuern","[400] Einkommens- und Vermögenssteuern","4","4","40","400","174749.55"
"327","Gutenburg","2006","[9] FINANZEN UND STEUERN","[90] Steuern","[900] Obligatorische periodische Steuern","9","90","900","[4] Ertrag","[4] ERTRAG","[40] Steuern","[401] Gewinn- und Kapitalsteuern","4","4","40","401","6492.20"
"327","Gutenburg","2006","[9] FINANZEN UND STEUERN","[90] Steuern","[902] Liegenschaftssteuern","9","90","902","[4] Ertrag","[4] ERTRAG","[40] Steuern","[402] Liegenschaftssteuern","4","4","40","402","19064.55"
"327","Gutenburg","2006","[9] FINANZEN UND STEUERN","[90] Steuern","[901] Obligatorische aperiodische Steuern","9","90","901","[4] Ertrag","[4] ERTRAG","[40] Steuern","[403] Vermögensgewinnsteuern","4","4","40","403","1786.85"
"327","Gutenburg","2006","[8] VOLKSWIRTSCHAFT","[86] Energie","[860] Elektrizität","8","86","860","[4] Ertrag","[4] ERTRAG","[41] Regalien und Konzessionen","[410] Erträge aus Regalien und Konzessionen","4","4","41","410","12964.85"
"327","Gutenburg","2006","[9] FINANZEN UND STEUERN","[94] Vermögens- und Schuldenverwaltung","[940] Zinsen","9","94","940","[4] Ertrag","[4] ERTRAG","[42] Vermögenserträge","[421] Flüssige Mittel und Guthaben","4","4","42","421","1087.75"
"327","Gutenburg","2006","[9] FINANZEN UND STEUERN","[94] Vermögens- und Schuldenverwaltung","[940] Zinsen","9","94","940","[4] Ertrag","[4] ERTRAG","[42] Vermögenserträge","[422] Anlagen des Finanzvermögens","4","4","42","422","6382.60"
"327","Gutenburg","2006","[9] FINANZEN UND STEUERN","[94] Vermögens- und Schuldenverwaltung","[942] Liegenschaften des Finanzvermögens","9","94","942","[4] Ertrag","[4] ERTRAG","[42] Vermögenserträge","[423] Liegenschaften des Finanzvermögens","4","4","42","423","144.00"
"327","Gutenburg","2006","[9] FINANZEN UND STEUERN","[99] Nicht aufgeteilte Posten","[995] Neutrale Aufwendungen und Erträge","9","99","995","[4] Ertrag","[4] ERTRAG","[42] Vermögenserträge","[424] Buchgewinne auf Anlagen des Finanzvermögens","4","4","42","424","856800.00"
"327","Gutenburg","2006","[9] FINANZEN UND STEUERN","[94] Vermögens- und Schuldenverwaltung","[940] Zinsen","9","94","940","[4] Ertrag","[4] ERTRAG","[42] Vermögenserträge","[426] Beteiligungen des Verwaltungsvermögens","4","4","42","426","1080.00"
"327","Gutenburg","2006","[1] OEFFENTLICHE SICHERHEIT","[16] Zivile Landesverteidigung","[160] Zivilschutz","1","16","160","[4] Ertrag","[4] ERTRAG","[42] Vermögenserträge","[427] Liegenschaften des Verwaltungsvermögens","4","4","42","427","65.00"
"327","Gutenburg","2006","[1] OEFFENTLICHE SICHERHEIT","[14] Wehrdienste","[140] Wehrdienste","1","14","140","[4] Ertrag","[4] ERTRAG","[43] Entgelte","[430] Ersatzabgaben","4","4","43","430","6047.15"
"327","Gutenburg","2006","[1] OEFFENTLICHE SICHERHEIT","[10] Rechtsaufsicht","[101] Uebrige Rechtspflege","1","10","101","[4] Ertrag","[4] ERTRAG","[43] Entgelte","[431] Gebühren für Amtshandlungen","4","4","43","431","2959.00"
"327","Gutenburg","2006","[3] KULTUR UND FREIZEIT","[32] Massenmedien","[321] Antennen- + Kabelanlagen","3","32","321","[4] Ertrag","[4] ERTRAG","[43] Entgelte","[434] Andere Benützungsgebühren und Dienstleistungen","4","4","43","434","16254.50"
"327","Gutenburg","2006","[7] UMWELT UND RAUMORDNUNG","[71] Abwasserentsorgung","[710] Abwasserentsorgung","7","71","710","[4] Ertrag","[4] ERTRAG","[43] Entgelte","[434] Andere Benützungsgebühren und Dienstleistungen","4","4","43","434","36965.00"
"327","Gutenburg","2006","[7] UMWELT UND RAUMORDNUNG","[72] Abfallentsorgung","[720] Abfallentsorgung","7","72","720","[4] Ertrag","[4] ERTRAG","[43] Entgelte","[434] Andere Benützungsgebühren und Dienstleistungen","4","4","43","434","4283.40"
"327","Gutenburg","2006","[7] UMWELT UND RAUMORDNUNG","[70] Wasserversorgung","[700] Wasserversorgung","7","70","700","[4] Ertrag","[4] ERTRAG","[43] Entgelte","[435] Uebrige Verkaufserlöse","4","4","43","435","15784.50"
"327","Gutenburg","2006","[8] VOLKSWIRTSCHAFT","[86] Energie","[860] Elektrizität","8","86","860","[4] Ertrag","[4] ERTRAG","[43] Entgelte","[435] Uebrige Verkaufserlöse","4","4","43","435","32545.50"
"327","Gutenburg","2006","[0] ALLGEMEINE VERWALTUNG","[02] Allgemeine Verwaltung","[029] Allgemeine Verwaltung","0","2","29","[4] Ertrag","[4] ERTRAG","[43] Entgelte","[436] Rückerstattungen","4","4","43","436","38.00"
"327","Gutenburg","2006","[5] SOZIALE WOHLFAHRT","[58] Sozialhilfe","[580] Sozialhilfe","5","58","580","[4] Ertrag","[4] ERTRAG","[43] Entgelte","[436] Rückerstattungen","4","4","43","436","9799.50"
"327","Gutenburg","2006","[5] SOZIALE WOHLFAHRT","[58] Sozialhilfe","[585] Inkassohilfe und Bevorschuss.von Unterhaltsbeitr.für Kinder","5","58","585","[4] Ertrag","[4] ERTRAG","[43] Entgelte","[436] Rückerstattungen","4","4","43","436","16620.00"
"327","Gutenburg","2006","[7] UMWELT UND RAUMORDNUNG","[70] Wasserversorgung","[700] Wasserversorgung","7","70","700","[4] Ertrag","[4] ERTRAG","[43] Entgelte","[436] Rückerstattungen","4","4","43","436","957.20"
"327","Gutenburg","2006","[7] UMWELT UND RAUMORDNUNG","[72] Abfallentsorgung","[720] Abfallentsorgung","7","72","720","[4] Ertrag","[4] ERTRAG","[43] Entgelte","[436] Rückerstattungen","4","4","43","436","690.10"
"327","Gutenburg","2006","[9] FINANZEN UND STEUERN","[93] Anteile an kantonalen Steuern und Abgaben","[930] Anteile an kantonalen Steuern und Abgaben","9","93","930","[4] Ertrag","[4] ERTRAG","[44] Anteile und Beiträge ohne Zweckbindungen","[441] Anteile an Kantonseinnahmen","4","4","44","441","1484.70"
"327","Gutenburg","2006","[9] FINANZEN UND STEUERN","[92] Finanzausgleich","[920] Finanzausgleich","9","92","920","[4] Ertrag","[4] ERTRAG","[44] Anteile und Beiträge ohne Zweckbindungen","[444] Leistungen aus dem Finanzausgleich","4","4","44","444","8918.00"
"327","Gutenburg","2006","[0] ALLGEMEINE VERWALTUNG","[02] Allgemeine Verwaltung","[029] Allgemeine Verwaltung","0","2","29","[4] Ertrag","[4] ERTRAG","[45] Rückerstattungen von Gemeinwesen","[451] Kanton","4","4","45","451","276.00"
"327","Gutenburg","2006","[5] SOZIALE WOHLFAHRT","[50] Altersversicherung","[500] AHV-Zweigstelle","5","50","500","[4] Ertrag","[4] ERTRAG","[45] Rückerstattungen von Gemeinwesen","[451] Kanton","4","4","45","451","189.00"
"327","Gutenburg","2006","[5] SOZIALE WOHLFAHRT","[52] Krankenversicherung","[520] Krankenversicherung","5","52","520","[4] Ertrag","[4] ERTRAG","[45] Rückerstattungen von Gemeinwesen","[451] Kanton","4","4","45","451","1038.80"
"327","Gutenburg","2006","[5] SOZIALE WOHLFAHRT","[58] Sozialhilfe","[587] Lastenausgleich","5","58","587","[4] Ertrag","[4] ERTRAG","[45] Rückerstattungen von Gemeinwesen","[451] Kanton","4","4","45","451","9850.10"
"327","Gutenburg","2006","[7] UMWELT UND RAUMORDNUNG","[70] Wasserversorgung","[700] Wasserversorgung","7","70","700","[4] Ertrag","[4] ERTRAG","[45] Rückerstattungen von Gemeinwesen","[451] Kanton","4","4","45","451","700.00"
"327","Gutenburg","2006","[6] VERKEHR","[62] Gemeindestrassen","[620] Gemeindestrassennetz","6","62","620","[4] Ertrag","[4] ERTRAG","[46] Beiträge","[461] Kanton","4","4","46","461","3653.25"
"327","Gutenburg","2006","[1] OEFFENTLICHE SICHERHEIT","[16] Zivile Landesverteidigung","[160] Zivilschutz","1","16","160","[4] Ertrag","[4] ERTRAG","[48] Entnahmen aus Spezialfinanzierungen","[480] Entnahmen aus Spezialfinanzierungen","4","4","48","480","3332.00"
"327","Gutenburg","2006","[7] UMWELT UND RAUMORDNUNG","[70] Wasserversorgung","[700] Wasserversorgung","7","70","700","[4] Ertrag","[4] ERTRAG","[48] Entnahmen aus Spezialfinanzierungen","[480] Entnahmen aus Spezialfinanzierungen","4","4","48","480","47369.10"
"327","Gutenburg","2006","[7] UMWELT UND RAUMORDNUNG","[71] Abwasserentsorgung","[710] Abwasserentsorgung","7","71","710","[4] Ertrag","[4] ERTRAG","[48] Entnahmen aus Spezialfinanzierungen","[480] Entnahmen aus Spezialfinanzierungen","4","4","48","480","6465.00"
"327","Gutenburg","2006","[7] UMWELT UND RAUMORDNUNG","[72] Abfallentsorgung","[720] Abfallentsorgung","7","72","720","[4] Ertrag","[4] ERTRAG","[48] Entnahmen aus Spezialfinanzierungen","[480] Entnahmen aus Spezialfinanzierungen","4","4","48","480","776.00"
"327","Gutenburg","2006","[0] ALLGEMEINE VERWALTUNG","[02] Allgemeine Verwaltung","[029] Allgemeine Verwaltung","0","2","29","[4] Ertrag","[4] ERTRAG","[49] Interne Verrechnungen","[490] Verrechneter Aufwand","4","4","49","490","6500.00"
"327","Gutenburg","2006","[3] KULTUR UND FREIZEIT","[32] Massenmedien","[321] Antennen- + Kabelanlagen","3","32","321","[4] Ertrag","[4] ERTRAG","[49] Interne Verrechnungen","[491] Verrechnete Zinsen","4","4","49","491","190.00"
"327","Gutenburg","2006","[7] UMWELT UND RAUMORDNUNG","[70] Wasserversorgung","[700] Wasserversorgung","7","70","700","[4] Ertrag","[4] ERTRAG","[49] Interne Verrechnungen","[491] Verrechnete Zinsen","4","4","49","491","10.00"
"327","Gutenburg","2006","[7] UMWELT UND RAUMORDNUNG","[71] Abwasserentsorgung","[710] Abwasserentsorgung","7","71","710","[4] Ertrag","[4] ERTRAG","[49] Interne Verrechnungen","[491] Verrechnete Zinsen","4","4","49","491","1140.00"
"327","Gutenburg","2006","[7] UMWELT UND RAUMORDNUNG","[72] Abfallentsorgung","[720] Abfallentsorgung","7","72","720","[4] Ertrag","[4] ERTRAG","[49] Interne Verrechnungen","[491] Verrechnete Zinsen","4","4","49","491","80.00"
"327","Gutenburg","2006","[9] FINANZEN UND STEUERN","[99] Nicht aufgeteilte Posten","[990] Abschreibungen","9","99","990","[4] Ertrag","[4] ERTRAG","[49] Interne Verrechnungen","[492] Verrechnete Abschreibungen","4","4","49","492","2656.70"
"327","Gutenburg","2006","[5] SOZIALE WOHLFAHRT","[56] Sozialer Wohnungsbau","[560] Sozialer Wohnungsbau","5","56","560","[5] Ausgaben","[5] Ausgaben","[52] Darlehen und Beteiligungen","[525] Private Institutionen","5","5","52","525","50000.00"
"327","Gutenburg","2006","[9] FINANZEN UND STEUERN","[99] Nicht aufgeteilte Posten","[999] Abschluss","9","99","999","[5] Ausgaben","[5] Ausgaben","[59] Passivierungen","[590] Passivierte Einnahmen","5","5","59","590","9200.00"
"327","Gutenburg","2006","[8] VOLKSWIRTSCHAFT","[86] Energie","[860] Elektrizität","8","86","860","[6] Einnahmen","[6] Einnahmen","[62] Rückzahlung von Darlehen und Beteiligungen","[624] Gemischtwirtschaftliche Unternehmungen","6","6","62","624","7200.00"
"327","Gutenburg","2006","[0] ALLGEMEINE VERWALTUNG","[02] Allgemeine Verwaltung","[029] Allgemeine Verwaltung","0","2","29","[6] Einnahmen","[6] Einnahmen","[63] Rückerstattungen für Sachgüter","[639] Uebrige Sachgüter","6","6","63","639","2000.00"
"327","Gutenburg","2006","[9] FINANZEN UND STEUERN","[99] Nicht aufgeteilte Posten","[999] Abschluss","9","99","999","[6] Einnahmen","[6] Einnahmen","[69] Aktivierungen","[690] Aktivierte Ausgaben","6","6","69","690","50000.00"
"327","Gutenburg","2006","","","","","","","[1] Aktiven","[10] Finanzvermögen","[100] Flüssige Mittel","","1","10","100","","138572.10"
"327","Gutenburg","2006","","","","","","","[1] Aktiven","[10] Finanzvermögen","[101] Guthaben","","1","10","101","","175067.05"
"327","Gutenburg","2006","","","","","","","[1] Aktiven","[10] Finanzvermögen","[102] Anlagen","","1","10","102","","1040609.55"
"327","Gutenburg","2006","","","","","","","[1] Aktiven","[11] Verwaltungsvermögen","[115] Darlehen und Beteiligungen","","1","11","115","","50000.00"
"327","Gutenburg","2006","","","","","","","[2] Passiven","[20] Fremdkapital","[200] Laufende Verpflichtungen","","2","20","200","","36818.60"
"327","Gutenburg","2006","","","","","","","[2] Passiven","[20] Fremdkapital","[203] Verpflichtungen für Sonderrechnungen","","2","20","203","","11200.10"
"327","Gutenburg","2006","","","","","","","[2] Passiven","[20] Fremdkapital","[204] Rückstellungen","","2","20","204","","10000.00"
"327","Gutenburg","2006","","","","","","","[2] Passiven","[22] Spezialfinanzierungen","[228] Verpflichtungen für Spezialfinanzierungen","","2","22","228","","216151.70"
"327","Gutenburg","2006","","","","","","","[2] Passiven","[23] Eigenkapital","[239] Eigenkapital","","2","23","239","","1130078.30"
"327","Gutenburg","2006","[0] ALLGEMEINE VERWALTUNG","[01] Legislative und Exekutive","[011] Legislative","0","1","11","[3] Aufwand","[3] AUFWAND","[30] Personalaufwand","","3","3","30","","860.00"
"327","Gutenburg","2006","[0] ALLGEMEINE VERWALTUNG","[01] Legislative und Exekutive","[012] Exekutive","0","1","12","[3] Aufwand","[3] AUFWAND","[30] Personalaufwand","","3","3","30","","10037.50"
"327","Gutenburg","2006","[0] ALLGEMEINE VERWALTUNG","[02] Allgemeine Verwaltung","[029] Allgemeine Verwaltung","0","2","29","[3] Aufwand","[3] AUFWAND","[30] Personalaufwand","","3","3","30","","54669.30"
"327","Gutenburg","2006","[0] ALLGEMEINE VERWALTUNG","[09] Nicht aufteilbare Aufgaben","[090] Verwaltungsliegenschaften","0","9","90","[3] Aufwand","[3] AUFWAND","[30] Personalaufwand","","3","3","30","","288.00"
"327","Gutenburg","2006","[1] OEFFENTLICHE SICHERHEIT","[16] Zivile Landesverteidigung","[160] Zivilschutz","1","16","160","[3] Aufwand","[3] AUFWAND","[30] Personalaufwand","","3","3","30","","360.00"
"327","Gutenburg","2006","[3] KULTUR UND FREIZEIT","[32] Massenmedien","[320] Massenmedien","3","32","320","[3] Aufwand","[3] AUFWAND","[30] Personalaufwand","","3","3","30","","898.80"
"327","Gutenburg","2006","[6] VERKEHR","[62] Gemeindestrassen","[620] Gemeindestrassennetz","6","62","620","[3] Aufwand","[3] AUFWAND","[30] Personalaufwand","","3","3","30","","44.90"
"327","Gutenburg","2006","[7] UMWELT UND RAUMORDNUNG","[70] Wasserversorgung","[700] Wasserversorgung","7","70","700","[3] Aufwand","[3] AUFWAND","[30] Personalaufwand","","3","3","30","","272.50"
"327","Gutenburg","2006","[0] ALLGEMEINE VERWALTUNG","[01] Legislative und Exekutive","[011] Legislative","0","1","11","[3] Aufwand","[3] AUFWAND","[31] Sachaufwand","","3","3","31","","1639.15"
"327","Gutenburg","2006","[0] ALLGEMEINE VERWALTUNG","[01] Legislative und Exekutive","[012] Exekutive","0","1","12","[3] Aufwand","[3] AUFWAND","[31] Sachaufwand","","3","3","31","","8186.40"
"327","Gutenburg","2006","[0] ALLGEMEINE VERWALTUNG","[02] Allgemeine Verwaltung","[029] Allgemeine Verwaltung","0","2","29","[3] Aufwand","[3] AUFWAND","[31] Sachaufwand","","3","3","31","","9677.45"
"327","Gutenburg","2006","[0] ALLGEMEINE VERWALTUNG","[09] Nicht aufteilbare Aufgaben","[090] Verwaltungsliegenschaften","0","9","90","[3] Aufwand","[3] AUFWAND","[31] Sachaufwand","","3","3","31","","6580.30"
"327","Gutenburg","2006","[1] OEFFENTLICHE SICHERHEIT","[10] Rechtsaufsicht","[100] Mass und Gewicht","1","10","100","[3] Aufwand","[3] AUFWAND","[31] Sachaufwand","","3","3","31","","950.45"
"327","Gutenburg","2006","[1] OEFFENTLICHE SICHERHEIT","[10] Rechtsaufsicht","[101] Uebrige Rechtspflege","1","10","101","[3] Aufwand","[3] AUFWAND","[31] Sachaufwand","","3","3","31","","1893.60"
"327","Gutenburg","2006","[1] OEFFENTLICHE SICHERHEIT","[14] Wehrdienste","[140] Wehrdienste","1","14","140","[3] Aufwand","[3] AUFWAND","[31] Sachaufwand","","3","3","31","","3800.00"
"327","Gutenburg","2006","[1] OEFFENTLICHE SICHERHEIT","[16] Zivile Landesverteidigung","[160] Zivilschutz","1","16","160","[3] Aufwand","[3] AUFWAND","[31] Sachaufwand","","3","3","31","","479.45"
"327","Gutenburg","2006","[3] KULTUR UND FREIZEIT","[32] Massenmedien","[321] Antennen- + Kabelanlagen","3","32","321","[3] Aufwand","[3] AUFWAND","[31] Sachaufwand","","3","3","31","","5904.55"
"327","Gutenburg","2006","[4] GESUNDHEIT","[46] Schulgesundheitsdienst","[461] Schulzahnärztliche Pflege","4","46","461","[3] Aufwand","[3] AUFWAND","[31] Sachaufwand","","3","3","31","","142.80"
"327","Gutenburg","2006","[4] GESUNDHEIT","[47] Lebensmittelkontrolle","[470] Lebensmittelkontrolle","4","47","470","[3] Aufwand","[3] AUFWAND","[31] Sachaufwand","","3","3","31","","213.00"
"327","Gutenburg","2006","[6] VERKEHR","[62] Gemeindestrassen","[620] Gemeindestrassennetz","6","62","620","[3] Aufwand","[3] AUFWAND","[31] Sachaufwand","","3","3","31","","17691.65"
"327","Gutenburg","2006","[6] VERKEHR","[69] Uebriger Verkehr","[690] Uebriger Verkehr","6","69","690","[3] Aufwand","[3] AUFWAND","[31] Sachaufwand","","3","3","31","","150.00"
"327","Gutenburg","2006","[7] UMWELT UND RAUMORDNUNG","[70] Wasserversorgung","[700] Wasserversorgung","7","70","700","[3] Aufwand","[3] AUFWAND","[31] Sachaufwand","","3","3","31","","957.20"
"327","Gutenburg","2006","[7] UMWELT UND RAUMORDNUNG","[71] Abwasserentsorgung","[710] Abwasserentsorgung","7","71","710","[3] Aufwand","[3] AUFWAND","[31] Sachaufwand","","3","3","31","","268.35"
"327","Gutenburg","2006","[7] UMWELT UND RAUMORDNUNG","[72] Abfallentsorgung","[720] Abfallentsorgung","7","72","720","[3] Aufwand","[3] AUFWAND","[31] Sachaufwand","","3","3","31","","5455.15"
"327","Gutenburg","2006","[7] UMWELT UND RAUMORDNUNG","[75] Gewässerverbauungen","[750] Gewässerverbauungen","7","75","750","[3] Aufwand","[3] AUFWAND","[31] Sachaufwand","","3","3","31","","1142.00"
"327","Gutenburg","2006","[8] VOLKSWIRTSCHAFT","[80] Landwirtschaft","[800] Landwirtschaft","8","80","800","[3] Aufwand","[3] AUFWAND","[31] Sachaufwand","","3","3","31","","310.50"
"327","Gutenburg","2006","[8] VOLKSWIRTSCHAFT","[86] Energie","[860] Elektrizität","8","86","860","[3] Aufwand","[3] AUFWAND","[31] Sachaufwand","","3","3","31","","32954.15"
"327","Gutenburg","2006","[9] FINANZEN UND STEUERN","[94] Vermögens- und Schuldenverwaltung","[940] Zinsen","9","94","940","[3] Aufwand","[3] AUFWAND","[32] Passivzinsen","","3","3","32","","1013.85"
"327","Gutenburg","2006","[1] OEFFENTLICHE SICHERHEIT","[14] Wehrdienste","[140] Wehrdienste","1","14","140","[3] Aufwand","[3] AUFWAND","[33] Abschreibungen","","3","3","33","","20.00"
"327","Gutenburg","2006","[7] UMWELT UND RAUMORDNUNG","[70] Wasserversorgung","[700] Wasserversorgung","7","70","700","[3] Aufwand","[3] AUFWAND","[33] Abschreibungen","","3","3","33","","54967.70"
"327","Gutenburg","2006","[7] UMWELT UND RAUMORDNUNG","[71] Abwasserentsorgung","[710] Abwasserentsorgung","7","71","710","[3] Aufwand","[3] AUFWAND","[33] Abschreibungen","","3","3","33","","14635.10"
"327","Gutenburg","2006","[7] UMWELT UND RAUMORDNUNG","[72] Abfallentsorgung","[720] Abfallentsorgung","7","72","720","[3] Aufwand","[3] AUFWAND","[33] Abschreibungen","","3","3","33","","8.35"
"327","Gutenburg","2006","[9] FINANZEN UND STEUERN","[90] Steuern","[903] Steuerabschreibungen","9","90","903","[3] Aufwand","[3] AUFWAND","[33] Abschreibungen","","3","3","33","","1006.30"
"327","Gutenburg","2006","[9] FINANZEN UND STEUERN","[99] Nicht aufgeteilte Posten","[990] Abschreibungen","9","99","990","[3] Aufwand","[3] AUFWAND","[33] Abschreibungen","","3","3","33","","130981.55"
"327","Gutenburg","2006","[0] ALLGEMEINE VERWALTUNG","[02] Allgemeine Verwaltung","[029] Allgemeine Verwaltung","0","2","29","[3] Aufwand","[3] AUFWAND","[35] Entschädigungen an Gemeinwesen","","3","3","35","","2162.60"
"327","Gutenburg","2006","[1] OEFFENTLICHE SICHERHEIT","[10] Rechtsaufsicht","[101] Uebrige Rechtspflege","1","10","101","[3] Aufwand","[3] AUFWAND","[35] Entschädigungen an Gemeinwesen","","3","3","35","","1137.35"
"327","Gutenburg","2006","[1] OEFFENTLICHE SICHERHEIT","[15] Militärische Landesverteidigung","[151] Militär","1","15","151","[3] Aufwand","[3] AUFWAND","[35] Entschädigungen an Gemeinwesen","","3","3","35","","794.60"
"327","Gutenburg","2006","[2] BILDUNG","[20] Kindergarten","[200] Kindergarten","2","20","200","[3] Aufwand","[3] AUFWAND","[35] Entschädigungen an Gemeinwesen","","3","3","35","","2876.55"
"327","Gutenburg","2006","[2] BILDUNG","[21] Volksschule","[210] Primarstufe (1. - 6. Schuljahr)","2","21","210","[3] Aufwand","[3] AUFWAND","[35] Entschädigungen an Gemeinwesen","","3","3","35","","29020.00"
"327","Gutenburg","2006","[2] BILDUNG","[21] Volksschule","[212] Sekundarstufe 1 (7. - 9. Schuljahr, Real- + Sekundarschule)","2","21","212","[3] Aufwand","[3] AUFWAND","[35] Entschädigungen an Gemeinwesen","","3","3","35","","14193.05"
"327","Gutenburg","2006","[5] SOZIALE WOHLFAHRT","[58] Sozialhilfe","[587] Lastenausgleich","5","58","587","[3] Aufwand","[3] AUFWAND","[35] Entschädigungen an Gemeinwesen","","3","3","35","","44293.10"
"327","Gutenburg","2006","[5] SOZIALE WOHLFAHRT","[58] Sozialhilfe","[588] Arbeitslosenfürsorge","5","58","588","[3] Aufwand","[3] AUFWAND","[35] Entschädigungen an Gemeinwesen","","3","3","35","","120.00"
"327","Gutenburg","2006","[6] VERKEHR","[69] Uebriger Verkehr","[690] Uebriger Verkehr","6","69","690","[3] Aufwand","[3] AUFWAND","[35] Entschädigungen an Gemeinwesen","","3","3","35","","9965.00"
"327","Gutenburg","2006","[7] UMWELT UND RAUMORDNUNG","[72] Abfallentsorgung","[720] Abfallentsorgung","7","72","720","[3] Aufwand","[3] AUFWAND","[35] Entschädigungen an Gemeinwesen","","3","3","35","","366.00"
"327","Gutenburg","2006","[0] ALLGEMEINE VERWALTUNG","[01] Legislative und Exekutive","[011] Legislative","0","1","11","[3] Aufwand","[3] AUFWAND","[36] Eigene Beiträge","","3","3","36","","51.00"
"327","Gutenburg","2006","[0] ALLGEMEINE VERWALTUNG","[02] Allgemeine Verwaltung","[029] Allgemeine Verwaltung","0","2","29","[3] Aufwand","[3] AUFWAND","[36] Eigene Beiträge","","3","3","36","","1221.50"
"327","Gutenburg","2006","[1] OEFFENTLICHE SICHERHEIT","[14] Wehrdienste","[140] Wehrdienste","1","14","140","[3] Aufwand","[3] AUFWAND","[36] Eigene Beiträge","","3","3","36","","12497.50"
"327","Gutenburg","2006","[1] OEFFENTLICHE SICHERHEIT","[16] Zivile Landesverteidigung","[160] Zivilschutz","1","16","160","[3] Aufwand","[3] AUFWAND","[36] Eigene Beiträge","","3","3","36","","1416.00"
"327","Gutenburg","2006","[1] OEFFENTLICHE SICHERHEIT","[16] Zivile Landesverteidigung","[161] Uebrige zivile Landesverteidigung","1","16","161","[3] Aufwand","[3] AUFWAND","[36] Eigene Beiträge","","3","3","36","","500.00"
"327","Gutenburg","2006","[2] BILDUNG","[21] Volksschule","[214] Musikschulen","2","21","214","[3] Aufwand","[3] AUFWAND","[36] Eigene Beiträge","","3","3","36","","4576.50"
"327","Gutenburg","2006","[2] BILDUNG","[22] Sonderschulen","[220] Sonderschulen","2","22","220","[3] Aufwand","[3] AUFWAND","[36] Eigene Beiträge","","3","3","36","","4150.90"
"327","Gutenburg","2006","[3] KULTUR UND FREIZEIT","[30] Kulturförderung","[309] Uebrige Kulturförderung","3","30","309","[3] Aufwand","[3] AUFWAND","[36] Eigene Beiträge","","3","3","36","","712.00"
"327","Gutenburg","2006","[3] KULTUR UND FREIZEIT","[35] Uebrige Freizeitgestaltung","[350] Uebrige Freizeitgestaltung","3","35","350","[3] Aufwand","[3] AUFWAND","[36] Eigene Beiträge","","3","3","36","","1080.30"
"327","Gutenburg","2006","[4] GESUNDHEIT","[44] Ambulante Krankenpflege","[440] Spitex/Krankenpflege","4","44","440","[3] Aufwand","[3] AUFWAND","[36] Eigene Beiträge","","3","3","36","","50.00"
"327","Gutenburg","2006","[4] GESUNDHEIT","[45] Krankheitsbekämpfung","[450] Krankheitsbekämpfung","4","45","450","[3] Aufwand","[3] AUFWAND","[36] Eigene Beiträge","","3","3","36","","62.50"
"327","Gutenburg","2006","[5] SOZIALE WOHLFAHRT","[50] Altersversicherung","[501] Gemeindeanteil am Beitrag des Kantons für die AHV","5","50","501","[3] Aufwand","[3] AUFWAND","[36] Eigene Beiträge","","3","3","36","","7639.00"
"327","Gutenburg","2006","[5] SOZIALE WOHLFAHRT","[51] Invalidenversicherung","[510] Gemeindeanteil am Beitrag des Kantons für die IV","5","51","510","[3] Aufwand","[3] AUFWAND","[36] Eigene Beiträge","","3","3","36","","7156.00"
"327","Gutenburg","2006","[5] SOZIALE WOHLFAHRT","[52] Krankenversicherung","[520] Krankenversicherung","5","52","520","[3] Aufwand","[3] AUFWAND","[36] Eigene Beiträge","","3","3","36","","1038.80"
"327","Gutenburg","2006","[5] SOZIALE WOHLFAHRT","[53] Sonstige Sozialversicherungen","[530] Ergänzungsleistungen der AHV, IV","5","53","530","[3] Aufwand","[3] AUFWAND","[36] Eigene Beiträge","","3","3","36","","17580.00"
"327","Gutenburg","2006","[5] SOZIALE WOHLFAHRT","[58] Sozialhilfe","[580] Sozialhilfe","5","58","580","[3] Aufwand","[3] AUFWAND","[36] Eigene Beiträge","","3","3","36","","20855.60"
"327","Gutenburg","2006","[5] SOZIALE WOHLFAHRT","[58] Sozialhilfe","[581] Zuschüsse an minderbemittelte Personen","5","58","581","[3] Aufwand","[3] AUFWAND","[36] Eigene Beiträge","","3","3","36","","2340.00"
"327","Gutenburg","2006","[5] SOZIALE WOHLFAHRT","[58] Sozialhilfe","[582] Weitere Wohlfahrts-, Vor- + Fürsorgeeinrichtungen","5","58","582","[3] Aufwand","[3] AUFWAND","[36] Eigene Beiträge","","3","3","36","","1770.75"
"327","Gutenburg","2006","[5] SOZIALE WOHLFAHRT","[58] Sozialhilfe","[585] Inkassohilfe und Bevorschuss.von Unterhaltsbeitr.für Kinder","5","58","585","[3] Aufwand","[3] AUFWAND","[36] Eigene Beiträge","","3","3","36","","13024.00"
"327","Gutenburg","2006","[7] UMWELT UND RAUMORDNUNG","[70] Wasserversorgung","[700] Wasserversorgung","7","70","700","[3] Aufwand","[3] AUFWAND","[36] Eigene Beiträge","","3","3","36","","4285.40"
"327","Gutenburg","2006","[7] UMWELT UND RAUMORDNUNG","[71] Abwasserentsorgung","[710] Abwasserentsorgung","7","71","710","[3] Aufwand","[3] AUFWAND","[36] Eigene Beiträge","","3","3","36","","15225.85"
"327","Gutenburg","2006","[7] UMWELT UND RAUMORDNUNG","[74] Friedhof und Bestattung","[740] Friedhof und Bestattung","7","74","740","[3] Aufwand","[3] AUFWAND","[36] Eigene Beiträge","","3","3","36","","6504.15"
"327","Gutenburg","2006","[7] UMWELT UND RAUMORDNUNG","[79] Raumordnung","[790] Raumplanung","7","79","790","[3] Aufwand","[3] AUFWAND","[36] Eigene Beiträge","","3","3","36","","438.00"
"327","Gutenburg","2006","[9] FINANZEN UND STEUERN","[92] Finanzausgleich","[920] Finanzausgleich","9","92","920","[3] Aufwand","[3] AUFWAND","[36] Eigene Beiträge","","3","3","36","","1410.00"
"327","Gutenburg","2006","[3] KULTUR UND FREIZEIT","[32] Massenmedien","[321] Antennen- + Kabelanlagen","3","32","321","[3] Aufwand","[3] AUFWAND","[38] Einlagen in Spezialfinanzierungen","","3","3","38","","6883.25"
"327","Gutenburg","2006","[7] UMWELT UND RAUMORDNUNG","[70] Wasserversorgung","[700] Wasserversorgung","7","70","700","[3] Aufwand","[3] AUFWAND","[38] Einlagen in Spezialfinanzierungen","","3","3","38","","3338.00"
"327","Gutenburg","2006","[7] UMWELT UND RAUMORDNUNG","[71] Abwasserentsorgung","[710] Abwasserentsorgung","7","71","710","[3] Aufwand","[3] AUFWAND","[38] Einlagen in Spezialfinanzierungen","","3","3","38","","13440.70"
"327","Gutenburg","2006","[3] KULTUR UND FREIZEIT","[32] Massenmedien","[321] Antennen- + Kabelanlagen","3","32","321","[3] Aufwand","[3] AUFWAND","[39] Interne Verrechnungen","","3","3","39","","3656.70"
"327","Gutenburg","2006","[5] SOZIALE WOHLFAHRT","[50] Altersversicherung","[500] AHV-Zweigstelle","5","50","500","[3] Aufwand","[3] AUFWAND","[39] Interne Verrechnungen","","3","3","39","","3500.00"
"327","Gutenburg","2006","[7] UMWELT UND RAUMORDNUNG","[70] Wasserversorgung","[700] Wasserversorgung","7","70","700","[3] Aufwand","[3] AUFWAND","[39] Interne Verrechnungen","","3","3","39","","1000.00"
"327","Gutenburg","2006","[7] UMWELT UND RAUMORDNUNG","[71] Abwasserentsorgung","[710] Abwasserentsorgung","7","71","710","[3] Aufwand","[3] AUFWAND","[39] Interne Verrechnungen","","3","3","39","","1000.00"
"327","Gutenburg","2006","[9] FINANZEN UND STEUERN","[94] Vermögens- und Schuldenverwaltung","[940] Zinsen","9","94","940","[3] Aufwand","[3] AUFWAND","[39] Interne Verrechnungen","","3","3","39","","1420.00"
"327","Gutenburg","2006","[9] FINANZEN UND STEUERN","[90] Steuern","[900] Obligatorische periodische Steuern","9","90","900","[4] Ertrag","[4] ERTRAG","[40] Steuern","","4","4","40","","181241.75"
"327","Gutenburg","2006","[9] FINANZEN UND STEUERN","[90] Steuern","[901] Obligatorische aperiodische Steuern","9","90","901","[4] Ertrag","[4] ERTRAG","[40] Steuern","","4","4","40","","1786.85"
"327","Gutenburg","2006","[9] FINANZEN UND STEUERN","[90] Steuern","[902] Liegenschaftssteuern","9","90","902","[4] Ertrag","[4] ERTRAG","[40] Steuern","","4","4","40","","19064.55"
"327","Gutenburg","2006","[8] VOLKSWIRTSCHAFT","[86] Energie","[860] Elektrizität","8","86","860","[4] Ertrag","[4] ERTRAG","[41] Regalien und Konzessionen","","4","4","41","","12964.85"
"327","Gutenburg","2006","[1] OEFFENTLICHE SICHERHEIT","[16] Zivile Landesverteidigung","[160] Zivilschutz","1","16","160","[4] Ertrag","[4] ERTRAG","[42] Vermögenserträge","","4","4","42","","65.00"
"327","Gutenburg","2006","[9] FINANZEN UND STEUERN","[94] Vermögens- und Schuldenverwaltung","[940] Zinsen","9","94","940","[4] Ertrag","[4] ERTRAG","[42] Vermögenserträge","","4","4","42","","8550.35"
"327","Gutenburg","2006","[9] FINANZEN UND STEUERN","[94] Vermögens- und Schuldenverwaltung","[942] Liegenschaften des Finanzvermögens","9","94","942","[4] Ertrag","[4] ERTRAG","[42] Vermögenserträge","","4","4","42","","144.00"
"327","Gutenburg","2006","[9] FINANZEN UND STEUERN","[99] Nicht aufgeteilte Posten","[995] Neutrale Aufwendungen und Erträge","9","99","995","[4] Ertrag","[4] ERTRAG","[42] Vermögenserträge","","4","4","42","","856800.00"
"327","Gutenburg","2006","[0] ALLGEMEINE VERWALTUNG","[02] Allgemeine Verwaltung","[029] Allgemeine Verwaltung","0","2","29","[4] Ertrag","[4] ERTRAG","[43] Entgelte","","4","4","43","","38.00"
"327","Gutenburg","2006","[1] OEFFENTLICHE SICHERHEIT","[10] Rechtsaufsicht","[101] Uebrige Rechtspflege","1","10","101","[4] Ertrag","[4] ERTRAG","[43] Entgelte","","4","4","43","","2959.00"
"327","Gutenburg","2006","[1] OEFFENTLICHE SICHERHEIT","[14] Wehrdienste","[140] Wehrdienste","1","14","140","[4] Ertrag","[4] ERTRAG","[43] Entgelte","","4","4","43","","6047.15"
"327","Gutenburg","2006","[3] KULTUR UND FREIZEIT","[32] Massenmedien","[321] Antennen- + Kabelanlagen","3","32","321","[4] Ertrag","[4] ERTRAG","[43] Entgelte","","4","4","43","","16254.50"
"327","Gutenburg","2006","[5] SOZIALE WOHLFAHRT","[58] Sozialhilfe","[580] Sozialhilfe","5","58","580","[4] Ertrag","[4] ERTRAG","[43] Entgelte","","4","4","43","","9799.50"
"327","Gutenburg","2006","[5] SOZIALE WOHLFAHRT","[58] Sozialhilfe","[585] Inkassohilfe und Bevorschuss.von Unterhaltsbeitr.für Kinder","5","58","585","[4] Ertrag","[4] ERTRAG","[43] Entgelte","","4","4","43","","16620.00"
"327","Gutenburg","2006","[7] UMWELT UND RAUMORDNUNG","[70] Wasserversorgung","[700] Wasserversorgung","7","70","700","[4] Ertrag","[4] ERTRAG","[43] Entgelte","","4","4","43","","16741.70"
"327","Gutenburg","2006","[7] UMWELT UND RAUMORDNUNG","[71] Abwasserentsorgung","[710] Abwasserentsorgung","7","71","710","[4] Ertrag","[4] ERTRAG","[43] Entgelte","","4","4","43","","36965.00"
"327","Gutenburg","2006","[7] UMWELT UND RAUMORDNUNG","[72] Abfallentsorgung","[720] Abfallentsorgung","7","72","720","[4] Ertrag","[4] ERTRAG","[43] Entgelte","","4","4","43","","4973.50"
"327","Gutenburg","2006","[8] VOLKSWIRTSCHAFT","[86] Energie","[860] Elektrizität","8","86","860","[4] Ertrag","[4] ERTRAG","[43] Entgelte","","4","4","43","","32545.50"
"327","Gutenburg","2006","[9] FINANZEN UND STEUERN","[92] Finanzausgleich","[920] Finanzausgleich","9","92","920","[4] Ertrag","[4] ERTRAG","[44] Anteile und Beiträge ohne Zweckbindungen","","4","4","44","","8918.00"
"327","Gutenburg","2006","[9] FINANZEN UND STEUERN","[93] Anteile an kantonalen Steuern und Abgaben","[930] Anteile an kantonalen Steuern und Abgaben","9","93","930","[4] Ertrag","[4] ERTRAG","[44] Anteile und Beiträge ohne Zweckbindungen","","4","4","44","","1484.70"
"327","Gutenburg","2006","[0] ALLGEMEINE VERWALTUNG","[02] Allgemeine Verwaltung","[029] Allgemeine Verwaltung","0","2","29","[4] Ertrag","[4] ERTRAG","[45] Rückerstattungen von Gemeinwesen","","4","4","45","","276.00"
"327","Gutenburg","2006","[5] SOZIALE WOHLFAHRT","[50] Altersversicherung","[500] AHV-Zweigstelle","5","50","500","[4] Ertrag","[4] ERTRAG","[45] Rückerstattungen von Gemeinwesen","","4","4","45","","189.00"
"327","Gutenburg","2006","[5] SOZIALE WOHLFAHRT","[52] Krankenversicherung","[520] Krankenversicherung","5","52","520","[4] Ertrag","[4] ERTRAG","[45] Rückerstattungen von Gemeinwesen","","4","4","45","","1038.80"
"327","Gutenburg","2006","[5] SOZIALE WOHLFAHRT","[58] Sozialhilfe","[587] Lastenausgleich","5","58","587","[4] Ertrag","[4] ERTRAG","[45] Rückerstattungen von Gemeinwesen","","4","4","45","","9850.10"
"327","Gutenburg","2006","[7] UMWELT UND RAUMORDNUNG","[70] Wasserversorgung","[700] Wasserversorgung","7","70","700","[4] Ertrag","[4] ERTRAG","[45] Rückerstattungen von Gemeinwesen","","4","4","45","","700.00"
"327","Gutenburg","2006","[6] VERKEHR","[62] Gemeindestrassen","[620] Gemeindestrassennetz","6","62","620","[4] Ertrag","[4] ERTRAG","[46] Beiträge","","4","4","46","","3653.25"
"327","Gutenburg","2006","[1] OEFFENTLICHE SICHERHEIT","[16] Zivile Landesverteidigung","[160] Zivilschutz","1","16","160","[4] Ertrag","[4] ERTRAG","[48] Entnahmen aus Spezialfinanzierungen","","4","4","48","","3332.00"
"327","Gutenburg","2006","[7] UMWELT UND RAUMORDNUNG","[70] Wasserversorgung","[700] Wasserversorgung","7","70","700","[4] Ertrag","[4] ERTRAG","[48] Entnahmen aus Spezialfinanzierungen","","4","4","48","","47369.10"
"327","Gutenburg","2006","[7] UMWELT UND RAUMORDNUNG","[71] Abwasserentsorgung","[710] Abwasserentsorgung","7","71","710","[4] Ertrag","[4] ERTRAG","[48] Entnahmen aus Spezialfinanzierungen","","4","4","48","","6465.00"
"327","Gutenburg","2006","[7] UMWELT UND RAUMORDNUNG","[72] Abfallentsorgung","[720] Abfallentsorgung","7","72","720","[4] Ertrag","[4] ERTRAG","[48] Entnahmen aus Spezialfinanzierungen","","4","4","48","","776.00"
"327","Gutenburg","2006","[0] ALLGEMEINE VERWALTUNG","[02] Allgemeine Verwaltung","[029] Allgemeine Verwaltung","0","2","29","[4] Ertrag","[4] ERTRAG","[49] Interne Verrechnungen","","4","4","49","","6500.00"
"327","Gutenburg","2006","[3] KULTUR UND FREIZEIT","[32] Massenmedien","[321] Antennen- + Kabelanlagen","3","32","321","[4] Ertrag","[4] ERTRAG","[49] Interne Verrechnungen","","4","4","49","","190.00"
"327","Gutenburg","2006","[7] UMWELT UND RAUMORDNUNG","[70] Wasserversorgung","[700] Wasserversorgung","7","70","700","[4] Ertrag","[4] ERTRAG","[49] Interne Verrechnungen","","4","4","49","","10.00"
"327","Gutenburg","2006","[7] UMWELT UND RAUMORDNUNG","[71] Abwasserentsorgung","[710] Abwasserentsorgung","7","71","710","[4] Ertrag","[4] ERTRAG","[49] Interne Verrechnungen","","4","4","49","","1140.00"
"327","Gutenburg","2006","[7] UMWELT UND RAUMORDNUNG","[72] Abfallentsorgung","[720] Abfallentsorgung","7","72","720","[4] Ertrag","[4] ERTRAG","[49] Interne Verrechnungen","","4","4","49","","80.00"
"327","Gutenburg","2006","[9] FINANZEN UND STEUERN","[99] Nicht aufgeteilte Posten","[990] Abschreibungen","9","99","990","[4] Ertrag","[4] ERTRAG","[49] Interne Verrechnungen","","4","4","49","","2656.70"
"327","Gutenburg","2006","[5] SOZIALE WOHLFAHRT","[56] Sozialer Wohnungsbau","[560] Sozialer Wohnungsbau","5","56","560","[5] Ausgaben","[5] Ausgaben","[52] Darlehen und Beteiligungen","","5","5","52","","50000.00"
"327","Gutenburg","2006","[9] FINANZEN UND STEUERN","[99] Nicht aufgeteilte Posten","[999] Abschluss","9","99","999","[5] Ausgaben","[5] Ausgaben","[59] Passivierungen","","5","5","59","","9200.00"
"327","Gutenburg","2006","[8] VOLKSWIRTSCHAFT","[86] Energie","[860] Elektrizität","8","86","860","[6] Einnahmen","[6] Einnahmen","[62] Rückzahlung von Darlehen und Beteiligungen","","6","6","62","","7200.00"
"327","Gutenburg","2006","[0] ALLGEMEINE VERWALTUNG","[02] Allgemeine Verwaltung","[029] Allgemeine Verwaltung","0","2","29","[6] Einnahmen","[6] Einnahmen","[63] Rückerstattungen für Sachgüter","","6","6","63","","2000.00"
"327","Gutenburg","2006","[9] FINANZEN UND STEUERN","[99] Nicht aufgeteilte Posten","[999] Abschluss","9","99","999","[6] Einnahmen","[6] Einnahmen","[69] Aktivierungen","","6","6","69","","50000.00"
"327","Gutenburg","2006","","","","","","","[1] Aktiven","[10] Finanzvermögen","","","1","10","","","1354248.70"
"327","Gutenburg","2006","","","","","","","[1] Aktiven","[11] Verwaltungsvermögen","","","1","11","","","50000.00"
"327","Gutenburg","2006","","","","","","","[2] Passiven","[20] Fremdkapital","","","2","20","","","58018.70"
"327","Gutenburg","2006","","","","","","","[2] Passiven","[22] Spezialfinanzierungen","","","2","22","","","216151.70"
"327","Gutenburg","2006","","","","","","","[2] Passiven","[23] Eigenkapital","","","2","23","","","1130078.30"
"327","Gutenburg","2006","[0] ALLGEMEINE VERWALTUNG","[01] Legislative und Exekutive","[011] Legislative","0","1","11","[3] Aufwand","[3] AUFWAND","","","3","3","","","2550.15"
"327","Gutenburg","2006","[0] ALLGEMEINE VERWALTUNG","[01] Legislative und Exekutive","[012] Exekutive","0","1","12","[3] Aufwand","[3] AUFWAND","","","3","3","","","18223.90"
"327","Gutenburg","2006","[0] ALLGEMEINE VERWALTUNG","[02] Allgemeine Verwaltung","[029] Allgemeine Verwaltung","0","2","29","[3] Aufwand","[3] AUFWAND","","","3","3","","","67730.85"
"327","Gutenburg","2006","[0] ALLGEMEINE VERWALTUNG","[09] Nicht aufteilbare Aufgaben","[090] Verwaltungsliegenschaften","0","9","90","[3] Aufwand","[3] AUFWAND","","","3","3","","","6868.30"
"327","Gutenburg","2006","[1] OEFFENTLICHE SICHERHEIT","[10] Rechtsaufsicht","[100] Mass und Gewicht","1","10","100","[3] Aufwand","[3] AUFWAND","","","3","3","","","950.45"
"327","Gutenburg","2006","[1] OEFFENTLICHE SICHERHEIT","[10] Rechtsaufsicht","[101] Uebrige Rechtspflege","1","10","101","[3] Aufwand","[3] AUFWAND","","","3","3","","","3030.95"
"327","Gutenburg","2006","[1] OEFFENTLICHE SICHERHEIT","[14] Wehrdienste","[140] Wehrdienste","1","14","140","[3] Aufwand","[3] AUFWAND","","","3","3","","","16317.50"
"327","Gutenburg","2006","[1] OEFFENTLICHE SICHERHEIT","[15] Militärische Landesverteidigung","[151] Militär","1","15","151","[3] Aufwand","[3] AUFWAND","","","3","3","","","794.60"
"327","Gutenburg","2006","[1] OEFFENTLICHE SICHERHEIT","[16] Zivile Landesverteidigung","[160] Zivilschutz","1","16","160","[3] Aufwand","[3] AUFWAND","","","3","3","","","2255.45"
"327","Gutenburg","2006","[1] OEFFENTLICHE SICHERHEIT","[16] Zivile Landesverteidigung","[161] Uebrige zivile Landesverteidigung","1","16","161","[3] Aufwand","[3] AUFWAND","","","3","3","","","500.00"
"327","Gutenburg","2006","[2] BILDUNG","[20] Kindergarten","[200] Kindergarten","2","20","200","[3] Aufwand","[3] AUFWAND","","","3","3","","","2876.55"
"327","Gutenburg","2006","[2] BILDUNG","[21] Volksschule","[210] Primarstufe (1. - 6. Schuljahr)","2","21","210","[3] Aufwand","[3] AUFWAND","","","3","3","","","29020.00"
"327","Gutenburg","2006","[2] BILDUNG","[21] Volksschule","[212] Sekundarstufe 1 (7. - 9. Schuljahr, Real- + Sekundarschule)","2","21","212","[3] Aufwand","[3] AUFWAND","","","3","3","","","14193.05"
"327","Gutenburg","2006","[2] BILDUNG","[21] Volksschule","[214] Musikschulen","2","21","214","[3] Aufwand","[3] AUFWAND","","","3","3","","","4576.50"
"327","Gutenburg","2006","[2] BILDUNG","[22] Sonderschulen","[220] Sonderschulen","2","22","220","[3] Aufwand","[3] AUFWAND","","","3","3","","","4150.90"
"327","Gutenburg","2006","[3] KULTUR UND FREIZEIT","[30] Kulturförderung","[309] Uebrige Kulturförderung","3","30","309","[3] Aufwand","[3] AUFWAND","","","3","3","","","712.00"
"327","Gutenburg","2006","[3] KULTUR UND FREIZEIT","[32] Massenmedien","[320] Massenmedien","3","32","320","[3] Aufwand","[3] AUFWAND","","","3","3","","","898.80"
"327","Gutenburg","2006","[3] KULTUR UND FREIZEIT","[32] Massenmedien","[321] Antennen- + Kabelanlagen","3","32","321","[3] Aufwand","[3] AUFWAND","","","3","3","","","16444.50"
"327","Gutenburg","2006","[3] KULTUR UND FREIZEIT","[35] Uebrige Freizeitgestaltung","[350] Uebrige Freizeitgestaltung","3","35","350","[3] Aufwand","[3] AUFWAND","","","3","3","","","1080.30"
"327","Gutenburg","2006","[4] GESUNDHEIT","[44] Ambulante Krankenpflege","[440] Spitex/Krankenpflege","4","44","440","[3] Aufwand","[3] AUFWAND","","","3","3","","","50.00"
"327","Gutenburg","2006","[4] GESUNDHEIT","[45] Krankheitsbekämpfung","[450] Krankheitsbekämpfung","4","45","450","[3] Aufwand","[3] AUFWAND","","","3","3","","","62.50"
"327","Gutenburg","2006","[4] GESUNDHEIT","[46] Schulgesundheitsdienst","[461] Schulzahnärztliche Pflege","4","46","461","[3] Aufwand","[3] AUFWAND","","","3","3","","","142.80"
"327","Gutenburg","2006","[4] GESUNDHEIT","[47] Lebensmittelkontrolle","[470] Lebensmittelkontrolle","4","47","470","[3] Aufwand","[3] AUFWAND","","","3","3","","","213.00"
"327","Gutenburg","2006","[5] SOZIALE WOHLFAHRT","[50] Altersversicherung","[500] AHV-Zweigstelle","5","50","500","[3] Aufwand","[3] AUFWAND","","","3","3","","","3500.00"
"327","Gutenburg","2006","[5] SOZIALE WOHLFAHRT","[50] Altersversicherung","[501] Gemeindeanteil am Beitrag des Kantons für die AHV","5","50","501","[3] Aufwand","[3] AUFWAND","","","3","3","","","7639.00"
"327","Gutenburg","2006","[5] SOZIALE WOHLFAHRT","[51] Invalidenversicherung","[510] Gemeindeanteil am Beitrag des Kantons für die IV","5","51","510","[3] Aufwand","[3] AUFWAND","","","3","3","","","7156.00"
"327","Gutenburg","2006","[5] SOZIALE WOHLFAHRT","[52] Krankenversicherung","[520] Krankenversicherung","5","52","520","[3] Aufwand","[3] AUFWAND","","","3","3","","","1038.80"
"327","Gutenburg","2006","[5] SOZIALE WOHLFAHRT","[53] Sonstige Sozialversicherungen","[530] Ergänzungsleistungen der AHV, IV","5","53","530","[3] Aufwand","[3] AUFWAND","","","3","3","","","17580.00"
"327","Gutenburg","2006","[5] SOZIALE WOHLFAHRT","[58] Sozialhilfe","[580] Sozialhilfe","5","58","580","[3] Aufwand","[3] AUFWAND","","","3","3","","","20855.60"
"327","Gutenburg","2006","[5] SOZIALE WOHLFAHRT","[58] Sozialhilfe","[581] Zuschüsse an minderbemittelte Personen","5","58","581","[3] Aufwand","[3] AUFWAND","","","3","3","","","2340.00"
"327","Gutenburg","2006","[5] SOZIALE WOHLFAHRT","[58] Sozialhilfe","[582] Weitere Wohlfahrts-, Vor- + Fürsorgeeinrichtungen","5","58","582","[3] Aufwand","[3] AUFWAND","","","3","3","","","1770.75"
"327","Gutenburg","2006","[5] SOZIALE WOHLFAHRT","[58] Sozialhilfe","[585] Inkassohilfe und Bevorschuss.von Unterhaltsbeitr.für Kinder","5","58","585","[3] Aufwand","[3] AUFWAND","","","3","3","","","13024.00"
"327","Gutenburg","2006","[5] SOZIALE WOHLFAHRT","[58] Sozialhilfe","[587] Lastenausgleich","5","58","587","[3] Aufwand","[3] AUFWAND","","","3","3","","","44293.10"
"327","Gutenburg","2006","[5] SOZIALE WOHLFAHRT","[58] Sozialhilfe","[588] Arbeitslosenfürsorge","5","58","588","[3] Aufwand","[3] AUFWAND","","","3","3","","","120.00"
"327","Gutenburg","2006","[6] VERKEHR","[62] Gemeindestrassen","[620] Gemeindestrassennetz","6","62","620","[3] Aufwand","[3] AUFWAND","","","3","3","","","17736.55"
"327","Gutenburg","2006","[6] VERKEHR","[69] Uebriger Verkehr","[690] Uebriger Verkehr","6","69","690","[3] Aufwand","[3] AUFWAND","","","3","3","","","10115.00"
"327","Gutenburg","2006","[7] UMWELT UND RAUMORDNUNG","[70] Wasserversorgung","[700] Wasserversorgung","7","70","700","[3] Aufwand","[3] AUFWAND","","","3","3","","","64820.80"
"327","Gutenburg","2006","[7] UMWELT UND RAUMORDNUNG","[71] Abwasserentsorgung","[710] Abwasserentsorgung","7","71","710","[3] Aufwand","[3] AUFWAND","","","3","3","","","44570.00"
"327","Gutenburg","2006","[7] UMWELT UND RAUMORDNUNG","[72] Abfallentsorgung","[720] Abfallentsorgung","7","72","720","[3] Aufwand","[3] AUFWAND","","","3","3","","","5829.50"
"327","Gutenburg","2006","[7] UMWELT UND RAUMORDNUNG","[74] Friedhof und Bestattung","[740] Friedhof und Bestattung","7","74","740","[3] Aufwand","[3] AUFWAND","","","3","3","","","6504.15"
"327","Gutenburg","2006","[7] UMWELT UND RAUMORDNUNG","[75] Gewässerverbauungen","[750] Gewässerverbauungen","7","75","750","[3] Aufwand","[3] AUFWAND","","","3","3","","","1142.00"
"327","Gutenburg","2006","[7] UMWELT UND RAUMORDNUNG","[79] Raumordnung","[790] Raumplanung","7","79","790","[3] Aufwand","[3] AUFWAND","","","3","3","","","438.00"
"327","Gutenburg","2006","[8] VOLKSWIRTSCHAFT","[80] Landwirtschaft","[800] Landwirtschaft","8","80","800","[3] Aufwand","[3] AUFWAND","","","3","3","","","310.50"
"327","Gutenburg","2006","[8] VOLKSWIRTSCHAFT","[86] Energie","[860] Elektrizität","8","86","860","[3] Aufwand","[3] AUFWAND","","","3","3","","","32954.15"
"327","Gutenburg","2006","[9] FINANZEN UND STEUERN","[90] Steuern","[903] Steuerabschreibungen","9","90","903","[3] Aufwand","[3] AUFWAND","","","3","3","","","1006.30"
"327","Gutenburg","2006","[9] FINANZEN UND STEUERN","[92] Finanzausgleich","[920] Finanzausgleich","9","92","920","[3] Aufwand","[3] AUFWAND","","","3","3","","","1410.00"
"327","Gutenburg","2006","[9] FINANZEN UND STEUERN","[94] Vermögens- und Schuldenverwaltung","[940] Zinsen","9","94","940","[3] Aufwand","[3] AUFWAND","","","3","3","","","2433.85"
"327","Gutenburg","2006","[9] FINANZEN UND STEUERN","[99] Nicht aufgeteilte Posten","[990] Abschreibungen","9","99","990","[3] Aufwand","[3] AUFWAND","","","3","3","","","130981.55"
"327","Gutenburg","2006","[0] ALLGEMEINE VERWALTUNG","[02] Allgemeine Verwaltung","[029] Allgemeine Verwaltung","0","2","29","[4] Ertrag","[4] ERTRAG","","","4","4","","","6814.00"
"327","Gutenburg","2006","[1] OEFFENTLICHE SICHERHEIT","[10] Rechtsaufsicht","[101] Uebrige Rechtspflege","1","10","101","[4] Ertrag","[4] ERTRAG","","","4","4","","","2959.00"
"327","Gutenburg","2006","[1] OEFFENTLICHE SICHERHEIT","[14] Wehrdienste","[140] Wehrdienste","1","14","140","[4] Ertrag","[4] ERTRAG","","","4","4","","","6047.15"
"327","Gutenburg","2006","[1] OEFFENTLICHE SICHERHEIT","[16] Zivile Landesverteidigung","[160] Zivilschutz","1","16","160","[4] Ertrag","[4] ERTRAG","","","4","4","","","3397.00"
"327","Gutenburg","2006","[3] KULTUR UND FREIZEIT","[32] Massenmedien","[321] Antennen- + Kabelanlagen","3","32","321","[4] Ertrag","[4] ERTRAG","","","4","4","","","16444.50"
"327","Gutenburg","2006","[5] SOZIALE WOHLFAHRT","[50] Altersversicherung","[500] AHV-Zweigstelle","5","50","500","[4] Ertrag","[4] ERTRAG","","","4","4","","","189.00"
"327","Gutenburg","2006","[5] SOZIALE WOHLFAHRT","[52] Krankenversicherung","[520] Krankenversicherung","5","52","520","[4] Ertrag","[4] ERTRAG","","","4","4","","","1038.80"
"327","Gutenburg","2006","[5] SOZIALE WOHLFAHRT","[58] Sozialhilfe","[580] Sozialhilfe","5","58","580","[4] Ertrag","[4] ERTRAG","","","4","4","","","9799.50"
"327","Gutenburg","2006","[5] SOZIALE WOHLFAHRT","[58] Sozialhilfe","[585] Inkassohilfe und Bevorschuss.von Unterhaltsbeitr.für Kinder","5","58","585","[4] Ertrag","[4] ERTRAG","","","4","4","","","16620.00"
"327","Gutenburg","2006","[5] SOZIALE WOHLFAHRT","[58] Sozialhilfe","[587] Lastenausgleich","5","58","587","[4] Ertrag","[4] ERTRAG","","","4","4","","","9850.10"
"327","Gutenburg","2006","[6] VERKEHR","[62] Gemeindestrassen","[620] Gemeindestrassennetz","6","62","620","[4] Ertrag","[4] ERTRAG","","","4","4","","","3653.25"
"327","Gutenburg","2006","[7] UMWELT UND RAUMORDNUNG","[70] Wasserversorgung","[700] Wasserversorgung","7","70","700","[4] Ertrag","[4] ERTRAG","","","4","4","","","64820.80"
"327","Gutenburg","2006","[7] UMWELT UND RAUMORDNUNG","[71] Abwasserentsorgung","[710] Abwasserentsorgung","7","71","710","[4] Ertrag","[4] ERTRAG","","","4","4","","","44570.00"
"327","Gutenburg","2006","[7] UMWELT UND RAUMORDNUNG","[72] Abfallentsorgung","[720] Abfallentsorgung","7","72","720","[4] Ertrag","[4] ERTRAG","","","4","4","","","5829.50"
"327","Gutenburg","2006","[8] VOLKSWIRTSCHAFT","[86] Energie","[860] Elektrizität","8","86","860","[4] Ertrag","[4] ERTRAG","","","4","4","","","45510.35"
"327","Gutenburg","2006","[9] FINANZEN UND STEUERN","[90] Steuern","[900] Obligatorische periodische Steuern","9","90","900","[4] Ertrag","[4] ERTRAG","","","4","4","","","181241.75"
"327","Gutenburg","2006","[9] FINANZEN UND STEUERN","[90] Steuern","[901] Obligatorische aperiodische Steuern","9","90","901","[4] Ertrag","[4] ERTRAG","","","4","4","","","1786.85"
"327","Gutenburg","2006","[9] FINANZEN UND STEUERN","[90] Steuern","[902] Liegenschaftssteuern","9","90","902","[4] Ertrag","[4] ERTRAG","","","4","4","","","19064.55"
"327","Gutenburg","2006","[9] FINANZEN UND STEUERN","[92] Finanzausgleich","[920] Finanzausgleich","9","92","920","[4] Ertrag","[4] ERTRAG","","","4","4","","","8918.00"
"327","Gutenburg","2006","[9] FINANZEN UND STEUERN","[93] Anteile an kantonalen Steuern und Abgaben","[930] Anteile an kantonalen Steuern und Abgaben","9","93","930","[4] Ertrag","[4] ERTRAG","","","4","4","","","1484.70"
"327","Gutenburg","2006","[9] FINANZEN UND STEUERN","[94] Vermögens- und Schuldenverwaltung","[940] Zinsen","9","94","940","[4] Ertrag","[4] ERTRAG","","","4","4","","","8550.35"
"327","Gutenburg","2006","[9] FINANZEN UND STEUERN","[94] Vermögens- und Schuldenverwaltung","[942] Liegenschaften des Finanzvermögens","9","94","942","[4] Ertrag","[4] ERTRAG","","","4","4","","","144.00"
"327","Gutenburg","2006","[9] FINANZEN UND STEUERN","[99] Nicht aufgeteilte Posten","[990] Abschreibungen","9","99","990","[4] Ertrag","[4] ERTRAG","","","4","4","","","2656.70"
"327","Gutenburg","2006","[9] FINANZEN UND STEUERN","[99] Nicht aufgeteilte Posten","[995] Neutrale Aufwendungen und Erträge","9","99","995","[4] Ertrag","[4] ERTRAG","","","4","4","","","856800.00"
"327","Gutenburg","2006","[5] SOZIALE WOHLFAHRT","[56] Sozialer Wohnungsbau","[560] Sozialer Wohnungsbau","5","56","560","[5] Ausgaben","[5] Ausgaben","","","5","5","","","50000.00"
"327","Gutenburg","2006","[9] FINANZEN UND STEUERN","[99] Nicht aufgeteilte Posten","[999] Abschluss","9","99","999","[5] Ausgaben","[5] Ausgaben","","","5","5","","","9200.00"
"327","Gutenburg","2006","[0] ALLGEMEINE VERWALTUNG","[02] Allgemeine Verwaltung","[029] Allgemeine Verwaltung","0","2","29","[6] Einnahmen","[6] Einnahmen","","","6","6","","","2000.00"
"327","Gutenburg","2006","[8] VOLKSWIRTSCHAFT","[86] Energie","[860] Elektrizität","8","86","860","[6] Einnahmen","[6] Einnahmen","","","6","6","","","7200.00"
"327","Gutenburg","2006","[9] FINANZEN UND STEUERN","[99] Nicht aufgeteilte Posten","[999] Abschluss","9","99","999","[6] Einnahmen","[6] Einnahmen","","","6","6","","","50000.00"
"327","Gutenburg","2006","","","","","","","[1] Aktiven","","","","1","","","","1404248.70"
"327","Gutenburg","2006","","","","","","","[2] Passiven","","","","2","","","","1404248.70"
"327","Gutenburg","2006","[0] ALLGEMEINE VERWALTUNG","[01] Legislative und Exekutive","[011] Legislative","0","1","11","[3] Aufwand","","","","3","","","","2550.15"
"327","Gutenburg","2006","[0] ALLGEMEINE VERWALTUNG","[01] Legislative und Exekutive","[012] Exekutive","0","1","12","[3] Aufwand","","","","3","","","","18223.90"
"327","Gutenburg","2006","[0] ALLGEMEINE VERWALTUNG","[02] Allgemeine Verwaltung","[029] Allgemeine Verwaltung","0","2","29","[3] Aufwand","","","","3","","","","67730.85"
"327","Gutenburg","2006","[0] ALLGEMEINE VERWALTUNG","[09] Nicht aufteilbare Aufgaben","[090] Verwaltungsliegenschaften","0","9","90","[3] Aufwand","","","","3","","","","6868.30"
"327","Gutenburg","2006","[1] OEFFENTLICHE SICHERHEIT","[10] Rechtsaufsicht","[100] Mass und Gewicht","1","10","100","[3] Aufwand","","","","3","","","","950.45"
"327","Gutenburg","2006","[1] OEFFENTLICHE SICHERHEIT","[10] Rechtsaufsicht","[101] Uebrige Rechtspflege","1","10","101","[3] Aufwand","","","","3","","","","3030.95"
"327","Gutenburg","2006","[1] OEFFENTLICHE SICHERHEIT","[14] Wehrdienste","[140] Wehrdienste","1","14","140","[3] Aufwand","","","","3","","","","16317.50"
"327","Gutenburg","2006","[1] OEFFENTLICHE SICHERHEIT","[15] Militärische Landesverteidigung","[151] Militär","1","15","151","[3] Aufwand","","","","3","","","","794.60"
"327","Gutenburg","2006","[1] OEFFENTLICHE SICHERHEIT","[16] Zivile Landesverteidigung","[160] Zivilschutz","1","16","160","[3] Aufwand","","","","3","","","","2255.45"
"327","Gutenburg","2006","[1] OEFFENTLICHE SICHERHEIT","[16] Zivile Landesverteidigung","[161] Uebrige zivile Landesverteidigung","1","16","161","[3] Aufwand","","","","3","","","","500.00"
"327","Gutenburg","2006","[2] BILDUNG","[20] Kindergarten","[200] Kindergarten","2","20","200","[3] Aufwand","","","","3","","","","2876.55"
"327","Gutenburg","2006","[2] BILDUNG","[21] Volksschule","[210] Primarstufe (1. - 6. Schuljahr)","2","21","210","[3] Aufwand","","","","3","","","","29020.00"
"327","Gutenburg","2006","[2] BILDUNG","[21] Volksschule","[212] Sekundarstufe 1 (7. - 9. Schuljahr, Real- + Sekundarschule)","2","21","212","[3] Aufwand","","","","3","","","","14193.05"
"327","Gutenburg","2006","[2] BILDUNG","[21] Volksschule","[214] Musikschulen","2","21","214","[3] Aufwand","","","","3","","","","4576.50"
"327","Gutenburg","2006","[2] BILDUNG","[22] Sonderschulen","[220] Sonderschulen","2","22","220","[3] Aufwand","","","","3","","","","4150.90"
"327","Gutenburg","2006","[3] KULTUR UND FREIZEIT","[30] Kulturförderung","[309] Uebrige Kulturförderung","3","30","309","[3] Aufwand","","","","3","","","","712.00"
"327","Gutenburg","2006","[3] KULTUR UND FREIZEIT","[32] Massenmedien","[320] Massenmedien","3","32","320","[3] Aufwand","","","","3","","","","898.80"
"327","Gutenburg","2006","[3] KULTUR UND FREIZEIT","[32] Massenmedien","[321] Antennen- + Kabelanlagen","3","32","321","[3] Aufwand","","","","3","","","","16444.50"
"327","Gutenburg","2006","[3] KULTUR UND FREIZEIT","[35] Uebrige Freizeitgestaltung","[350] Uebrige Freizeitgestaltung","3","35","350","[3] Aufwand","","","","3","","","","1080.30"
"327","Gutenburg","2006","[4] GESUNDHEIT","[44] Ambulante Krankenpflege","[440] Spitex/Krankenpflege","4","44","440","[3] Aufwand","","","","3","","","","50.00"
"327","Gutenburg","2006","[4] GESUNDHEIT","[45] Krankheitsbekämpfung","[450] Krankheitsbekämpfung","4","45","450","[3] Aufwand","","","","3","","","","62.50"
"327","Gutenburg","2006","[4] GESUNDHEIT","[46] Schulgesundheitsdienst","[461] Schulzahnärztliche Pflege","4","46","461","[3] Aufwand","","","","3","","","","142.80"
"327","Gutenburg","2006","[4] GESUNDHEIT","[47] Lebensmittelkontrolle","[470] Lebensmittelkontrolle","4","47","470","[3] Aufwand","","","","3","","","","213.00"
"327","Gutenburg","2006","[5] SOZIALE WOHLFAHRT","[50] Altersversicherung","[500] AHV-Zweigstelle","5","50","500","[3] Aufwand","","","","3","","","","3500.00"
"327","Gutenburg","2006","[5] SOZIALE WOHLFAHRT","[50] Altersversicherung","[501] Gemeindeanteil am Beitrag des Kantons für die AHV","5","50","501","[3] Aufwand","","","","3","","","","7639.00"
"327","Gutenburg","2006","[5] SOZIALE WOHLFAHRT","[51] Invalidenversicherung","[510] Gemeindeanteil am Beitrag des Kantons für die IV","5","51","510","[3] Aufwand","","","","3","","","","7156.00"
"327","Gutenburg","2006","[5] SOZIALE WOHLFAHRT","[52] Krankenversicherung","[520] Krankenversicherung","5","52","520","[3] Aufwand","","","","3","","","","1038.80"
"327","Gutenburg","2006","[5] SOZIALE WOHLFAHRT","[53] Sonstige Sozialversicherungen","[530] Ergänzungsleistungen der AHV, IV","5","53","530","[3] Aufwand","","","","3","","","","17580.00"
"327","Gutenburg","2006","[5] SOZIALE WOHLFAHRT","[58] Sozialhilfe","[580] Sozialhilfe","5","58","580","[3] Aufwand","","","","3","","","","20855.60"
"327","Gutenburg","2006","[5] SOZIALE WOHLFAHRT","[58] Sozialhilfe","[581] Zuschüsse an minderbemittelte Personen","5","58","581","[3] Aufwand","","","","3","","","","2340.00"
"327","Gutenburg","2006","[5] SOZIALE WOHLFAHRT","[58] Sozialhilfe","[582] Weitere Wohlfahrts-, Vor- + Fürsorgeeinrichtungen","5","58","582","[3] Aufwand","","","","3","","","","1770.75"
"327","Gutenburg","2006","[5] SOZIALE WOHLFAHRT","[58] Sozialhilfe","[585] Inkassohilfe und Bevorschuss.von Unterhaltsbeitr.für Kinder","5","58","585","[3] Aufwand","","","","3","","","","13024.00"
"327","Gutenburg","2006","[5] SOZIALE WOHLFAHRT","[58] Sozialhilfe","[587] Lastenausgleich","5","58","587","[3] Aufwand","","","","3","","","","44293.10"
"327","Gutenburg","2006","[5] SOZIALE WOHLFAHRT","[58] Sozialhilfe","[588] Arbeitslosenfürsorge","5","58","588","[3] Aufwand","","","","3","","","","120.00"
"327","Gutenburg","2006","[6] VERKEHR","[62] Gemeindestrassen","[620] Gemeindestrassennetz","6","62","620","[3] Aufwand","","","","3","","","","17736.55"
"327","Gutenburg","2006","[6] VERKEHR","[69] Uebriger Verkehr","[690] Uebriger Verkehr","6","69","690","[3] Aufwand","","","","3","","","","10115.00"
"327","Gutenburg","2006","[7] UMWELT UND RAUMORDNUNG","[70] Wasserversorgung","[700] Wasserversorgung","7","70","700","[3] Aufwand","","","","3","","","","64820.80"
"327","Gutenburg","2006","[7] UMWELT UND RAUMORDNUNG","[71] Abwasserentsorgung","[710] Abwasserentsorgung","7","71","710","[3] Aufwand","","","","3","","","","44570.00"
"327","Gutenburg","2006","[7] UMWELT UND RAUMORDNUNG","[72] Abfallentsorgung","[720] Abfallentsorgung","7","72","720","[3] Aufwand","","","","3","","","","5829.50"
"327","Gutenburg","2006","[7] UMWELT UND RAUMORDNUNG","[74] Friedhof und Bestattung","[740] Friedhof und Bestattung","7","74","740","[3] Aufwand","","","","3","","","","6504.15"
"327","Gutenburg","2006","[7] UMWELT UND RAUMORDNUNG","[75] Gewässerverbauungen","[750] Gewässerverbauungen","7","75","750","[3] Aufwand","","","","3","","","","1142.00"
"327","Gutenburg","2006","[7] UMWELT UND RAUMORDNUNG","[79] Raumordnung","[790] Raumplanung","7","79","790","[3] Aufwand","","","","3","","","","438.00"
"327","Gutenburg","2006","[8] VOLKSWIRTSCHAFT","[80] Landwirtschaft","[800] Landwirtschaft","8","80","800","[3] Aufwand","","","","3","","","","310.50"
"327","Gutenburg","2006","[8] VOLKSWIRTSCHAFT","[86] Energie","[860] Elektrizität","8","86","860","[3] Aufwand","","","","3","","","","32954.15"
"327","Gutenburg","2006","[9] FINANZEN UND STEUERN","[90] Steuern","[903] Steuerabschreibungen","9","90","903","[3] Aufwand","","","","3","","","","1006.30"
"327","Gutenburg","2006","[9] FINANZEN UND STEUERN","[92] Finanzausgleich","[920] Finanzausgleich","9","92","920","[3] Aufwand","","","","3","","","","1410.00"
"327","Gutenburg","2006","[9] FINANZEN UND STEUERN","[94] Vermögens- und Schuldenverwaltung","[940] Zinsen","9","94","940","[3] Aufwand","","","","3","","","","2433.85"
"327","Gutenburg","2006","[9] FINANZEN UND STEUERN","[99] Nicht aufgeteilte Posten","[990] Abschreibungen","9","99","990","[3] Aufwand","","","","3","","","","130981.55"
"327","Gutenburg","2006","[0] ALLGEMEINE VERWALTUNG","[02] Allgemeine Verwaltung","[029] Allgemeine Verwaltung","0","2","29","[4] Ertrag","","","","4","","","","6814.00"
"327","Gutenburg","2006","[1] OEFFENTLICHE SICHERHEIT","[10] Rechtsaufsicht","[101] Uebrige Rechtspflege","1","10","101","[4] Ertrag","","","","4","","","","2959.00"
"327","Gutenburg","2006","[1] OEFFENTLICHE SICHERHEIT","[14] Wehrdienste","[140] Wehrdienste","1","14","140","[4] Ertrag","","","","4","","","","6047.15"
"327","Gutenburg","2006","[1] OEFFENTLICHE SICHERHEIT","[16] Zivile Landesverteidigung","[160] Zivilschutz","1","16","160","[4] Ertrag","","","","4","","","","3397.00"
"327","Gutenburg","2006","[3] KULTUR UND FREIZEIT","[32] Massenmedien","[321] Antennen- + Kabelanlagen","3","32","321","[4] Ertrag","","","","4","","","","16444.50"
"327","Gutenburg","2006","[5] SOZIALE WOHLFAHRT","[50] Altersversicherung","[500] AHV-Zweigstelle","5","50","500","[4] Ertrag","","","","4","","","","189.00"
"327","Gutenburg","2006","[5] SOZIALE WOHLFAHRT","[52] Krankenversicherung","[520] Krankenversicherung","5","52","520","[4] Ertrag","","","","4","","","","1038.80"
"327","Gutenburg","2006","[5] SOZIALE WOHLFAHRT","[58] Sozialhilfe","[580] Sozialhilfe","5","58","580","[4] Ertrag","","","","4","","","","9799.50"
"327","Gutenburg","2006","[5] SOZIALE WOHLFAHRT","[58] Sozialhilfe","[585] Inkassohilfe und Bevorschuss.von Unterhaltsbeitr.für Kinder","5","58","585","[4] Ertrag","","","","4","","","","16620.00"
"327","Gutenburg","2006","[5] SOZIALE WOHLFAHRT","[58] Sozialhilfe","[587] Lastenausgleich","5","58","587","[4] Ertrag","","","","4","","","","9850.10"
"327","Gutenburg","2006","[6] VERKEHR","[62] Gemeindestrassen","[620] Gemeindestrassennetz","6","62","620","[4] Ertrag","","","","4","","","","3653.25"
"327","Gutenburg","2006","[7] UMWELT UND RAUMORDNUNG","[70] Wasserversorgung","[700] Wasserversorgung","7","70","700","[4] Ertrag","","","","4","","","","64820.80"
"327","Gutenburg","2006","[7] UMWELT UND RAUMORDNUNG","[71] Abwasserentsorgung","[710] Abwasserentsorgung","7","71","710","[4] Ertrag","","","","4","","","","44570.00"
"327","Gutenburg","2006","[7] UMWELT UND RAUMORDNUNG","[72] Abfallentsorgung","[720] Abfallentsorgung","7","72","720","[4] Ertrag","","","","4","","","","5829.50"
"327","Gutenburg","2006","[8] VOLKSWIRTSCHAFT","[86] Energie","[860] Elektrizität","8","86","860","[4] Ertrag","","","","4","","","","45510.35"
"327","Gutenburg","2006","[9] FINANZEN UND STEUERN","[90] Steuern","[900] Obligatorische periodische Steuern","9","90","900","[4] Ertrag","","","","4","","","","181241.75"
"327","Gutenburg","2006","[9] FINANZEN UND STEUERN","[90] Steuern","[901] Obligatorische aperiodische Steuern","9","90","901","[4] Ertrag","","","","4","","","","1786.85"
"327","Gutenburg","2006","[9] FINANZEN UND STEUERN","[90] Steuern","[902] Liegenschaftssteuern","9","90","902","[4] Ertrag","","","","4","","","","19064.55"
"327","Gutenburg","2006","[9] FINANZEN UND STEUERN","[92] Finanzausgleich","[920] Finanzausgleich","9","92","920","[4] Ertrag","","","","4","","","","8918.00"
"327","Gutenburg","2006","[9] FINANZEN UND STEUERN","[93] Anteile an kantonalen Steuern und Abgaben","[930] Anteile an kantonalen Steuern und Abgaben","9","93","930","[4] Ertrag","","","","4","","","","1484.70"
"327","Gutenburg","2006","[9] FINANZEN UND STEUERN","[94] Vermögens- und Schuldenverwaltung","[940] Zinsen","9","94","940","[4] Ertrag","","","","4","","","","8550.35"
"327","Gutenburg","2006","[9] FINANZEN UND STEUERN","[94] Vermögens- und Schuldenverwaltung","[942] Liegenschaften des Finanzvermögens","9","94","942","[4] Ertrag","","","","4","","","","144.00"
"327","Gutenburg","2006","[9] FINANZEN UND STEUERN","[99] Nicht aufgeteilte Posten","[990] Abschreibungen","9","99","990","[4] Ertrag","","","","4","","","","2656.70"
"327","Gutenburg","2006","[9] FINANZEN UND STEUERN","[99] Nicht aufgeteilte Posten","[995] Neutrale Aufwendungen und Erträge","9","99","995","[4] Ertrag","","","","4","","","","856800.00"
"327","Gutenburg","2006","[5] SOZIALE WOHLFAHRT","[56] Sozialer Wohnungsbau","[560] Sozialer Wohnungsbau","5","56","560","[5] Ausgaben","","","","5","","","","50000.00"
"327","Gutenburg","2006","[9] FINANZEN UND STEUERN","[99] Nicht aufgeteilte Posten","[999] Abschluss","9","99","999","[5] Ausgaben","","","","5","","","","9200.00"
"327","Gutenburg","2006","[0] ALLGEMEINE VERWALTUNG","[02] Allgemeine Verwaltung","[029] Allgemeine Verwaltung","0","2","29","[6] Einnahmen","","","","6","","","","2000.00"
"327","Gutenburg","2006","[8] VOLKSWIRTSCHAFT","[86] Energie","[860] Elektrizität","8","86","860","[6] Einnahmen","","","","6","","","","7200.00"
"327","Gutenburg","2006","[9] FINANZEN UND STEUERN","[99] Nicht aufgeteilte Posten","[999] Abschluss","9","99","999","[6] Einnahmen","","","","6","","","","50000.00"
