,,,,,,,,,,,
1500,"Direktion für Tiefbau, Verkehr und Stadtgrün (TVS)",,,,,,,,,,
,,,,,,,,,,,
,,,,,,,,,,,
,,,,,,,,,,,
,,,,,,,,,,,
,,,,,,,,,,,
,,,,,,,,,,,
"Direktion für Tiefbau, Verkehr und Stadtgrün (TVS)",,,,,,,,,,,
,,,,,,,,,,,
,,,,,,,,,,,
,,,,,,,,,,,
,,,,,,,,,,,
,,,,,,,,,,,
,,,,,,,,,,,
,,,,,,,,,,,
,,,,,,,,,,,
,,,,,,,,,,,
,,,,,,,,,,,
,,,,,,,,,,,
,,,,,,,,,,,
,,,,,,,,,,,
,,,,,,,,,,,
,,,,,,,,,,,
,,,,,,,,,,,
,,,,,,,,,,,
,,,,,,,,,,,
,,,,,,,,,,,
,,,,,,,,,,,
,,,,,,,,,,,
,,,,,,,,,,,
,,,,,,,,,,,
,,,,,,,,,,,
,,,,,,,,,,,
,,,,,,,,,,,
,,,,,,,,,,,
,,,,,,,,,,,
,,,,,,,,,,,
,,,,,,,,,,,
,,,,,,,,,,,
,,,,,,,,,,,
x_neueseite_x,,,,,,,,,,,
1500,"Direktion für Tiefbau, Verkehr und Stadtgrün (TVS)",,,,,,,,,,
,,,,,,,,,,,
,Übersicht,,,,,,,,,,
,,,,,,,,,,,
Kosten und,,,Voranschlag,,Voranschlag,Rechnung,,Rechnung,,,
Erlöse,,,2012,,2011,2010,,2009,,,
,Bruttokosten,,"148,788,618.89",,"147,850,547.95","150,839,770.54",,"158,551,177.20",,,
,,,,,,,,,,,
,Erlöse,,"41,991,079.52",,"45,886,658.85","44,977,994.69",,"57,132,683.63",,,
,,,,,,,,,,,
,Nettokosten,,"106,797,539.37",,"101,963,889.10","105,861,775.85",,"101,418,493.57",,,
,,,,,,,,,,,
,Kostendeckungsgrad in %,,28.2%,,31.0%,29.8%,,36.0%,,,
,,,,,,,,,,,
,,,,,,,,,,,
Nummer,Dienststelle,Bruttokosten 2012,,,Erlös 2012,,,Nettokosten,,Nettokosten,Abweichung
,,Fr.,%,,Fr.,%,,2012 / Fr.,,2011 / Fr.,2012/2011 %
500,Direktionsstabsdienste (light),"33,525,935.04",23%,,"810,392.63",2%,,"32,715,542.41",,"32,680,611.48",0%
,,,,,,,,,,,
510,Tiefbauamt,"76,942,407.42",52%,,"25,928,075.98",62%,,"51,014,331.44",,"47,872,196.76",7%
,,,,,,,,,,,
520-521,Stadtgärtnerei/Friedhöfe,"27,790,698.71",19%,,"10,542,050.00",25%,,"17,248,648.71",,"16,457,487.41",5%
,,,,,,,,,,,
570,Vermessungsamt,"5,167,163.86",3%,,"3,725,531.19",9%,,"1,441,632.67",,"1,207,956.20",19%
,,,,,,,,,,,
580,Verkehrsplanung,"5,362,413.86",4%,,"985,029.72",2%,,"4,377,384.14",,"3,745,637.25",17%
,,,,,,,,,,,
,,,,,,,,,,,
,,,,,,,,,,,
Bemerkungen,,,,,,,,,,,
,,,,,,,,,,,
,,,,,,,,,,,
,,,,,,,,,,,
,,,,,,,,,,,
,,,,,,,,,,,
,,,,,,,,,,,
,,,,,,,,,,,
,,,,,,,,,,,
,,,,,,,,,,,
,,,,,,,,,,,
,,,,,,,,,,,
,,,,,,,,,,,
,,,,,,,,,,,
,,,,,,,,,,,
,,,,,,,,,,,
x_neueseite_x,,,,,,,,,,,
1500,"Direktion für Tiefbau, Verkehr und Stadtgrün (TVS)",,,,,,,,,,
,,,,,,,,,,,
,Übersicht - Fortsetzung,,,,,,,,,,
,,,,,,,,,,,
Bemerkungen,,,,,,,,,,,
,,,,,,,,,,,
,,,,,,,,,,,
,,,,,,,,,,,
,,,,,,,,,,,
,,,,,,,,,,,
,,,,,,,,,,,
,,,,,,,,,,,
,,,,,,,,,,,
,,,,,,,,,,,
,,,,,,,,,,,
,,,,,,,,,,,
,,,,,,,,,,,
,,,,,,,,,,,
,,,,,,,,,,,
,,,,,,,,,,,
,,,,,,,,,,,
,,,,,,,,,,,
,,,,,,,,,,,
,,,,,,,,,,,
,,,,,,,,,,,
,,,,,,,,,,,
,,,,,,,,,,,
,,,,,,,,,,,
,,,,,,,,,,,
,,,,,,,,,,,
,,,,,,,,,,,
,,,,,,,,,,,
,,,,,,,,,,,
,,,,,,,,,,,
,,,,,,,,,,,
,,,,,,,,,,,
,,,,,,,,,,,
,,,,,,,,,,,
,,,,,,,,,,,
,,,,,,,,,,,
x_neueseite_x,,,,,,,,,,,
1500,"Direktion für Tiefbau, Verkehr und Stadtgrün (TVS)",,,,,,,,,,
,,,,,,,,,,,
,Übersicht - Fortsetzung,,,,,,,,,,
,,,,,,,,,,,
Bemerkungen,,,,,,,,,,,
,,,,,,,,,,,
,,,,,,,,,,,
,,,,,,,,,,,
,,,,,,,,,,,
,,,,,,,,,,,
,,,,,,,,,,,
,,,,,,,,,,,
,,,,,,,,,,,
,,,,,,,,,,,
,,,,,,,,,,,
,,,,,,,,,,,
,,,,,,,,,,,
,,,,,,,,,,,
,,,,,,,,,,,
,,,,,,,,,,,
,,,,,,,,,,,
,,,,,,,,,,,
,,,,,,,,,,,
,,,,,,,,,,,
,,,,,,,,,,,
,,,,,,,,,,,
,,,,,,,,,,,
,,,,,,,,,,,
,,,,,,,,,,,
,,,,,,,,,,,
,,,,,,,,,,,
,,,,,,,,,,,
,,,,,,,,,,,
,,,,,,,,,,,
,,,,,,,,,,,
,,,,,,,,,,,
,,,,,,,,,,,
,,,,,,,,,,,
,,,,,,,,,,,
,,,,,,,,,,,
,,,,,,,,,,,
x_neueseite_x,,,,,,,,,,,
1500,"Direktion für Tiefbau, Verkehr und Stadtgrün (TVS)",,,,,,,,,,
,,,,,,,,,,,
,Übersicht - Fortsetzung,,,,,,,,,,
,,,,,,,,,,,
Bemerkungen,,,,,,,,,,,
,,,,,,,,,,,
,,,,,,,,,,,
,,,,,,,,,,,
,,,,,,,,,,,
,,,,,,,,,,,
,,,,,,,,,,,
,,,,,,,,,,,
,,,,,,,,,,,
,,,,,,,,,,,
,,,,,,,,,,,
,,,,,,,,,,,
,,,,,,,,,,,
,,,,,,,,,,,
,,,,,,,,,,,
,,,,,,,,,,,
,,,,,,,,,,,
,,,,,,,,,,,
,,,,,,,,,,,
,,,,,,,,,,,
,,,,,,,,,,,
,,,,,,,,,,,
,,,,,,,,,,,
,,,,,,,,,,,
,,,,,,,,,,,
,,,,,,,,,,,
,,,,,,,,,,,
,,,,,,,,,,,
,,,,,,,,,,,
,,,,,,,,,,,
,,,,,,,,,,,
,,,,,,,,,,,
,,,,,,,,,,,
,,,,,,,,,,,
,,,,,,,,,,,
,,,,,,,,,,,
x_neueseite_x,,,,,,,,,,,
1500,"Direktion für Tiefbau, Verkehr und Stadtgrün (TVS)",,,,,,,,,,
,,,,,,,,,,,
,Übersicht - Fortsetzung,,,,,,,,,,
,,,,,,,,,,,
Bemerkungen,,,,,,,,,,,
,,,,,,,,,,,
,,,,,,,,,,,
,,,,,,,,,,,
,,,,,,,,,,,
,,,,,,,,,,,
,,,,,,,,,,,
,,,,,,,,,,,
,,,,,,,,,,,
,,,,,,,,,,,
,,,,,,,,,,,
,,,,,,,,,,,
,,,,,,,,,,,
,,,,,,,,,,,
,,,,,,,,,,,
,,,,,,,,,,,
,,,,,,,,,,,
,,,,,,,,,,,
,,,,,,,,,,,
,,,,,,,,,,,
,,,,,,,,,,,
,,,,,,,,,,,
,,,,,,,,,,,
,,,,,,,,,,,
,,,,,,,,,,,
,,,,,,,,,,,
,,,,,,,,,,,
,,,,,,,,,,,
,,,,,,,,,,,
,,,,,,,,,,,
,,,,,,,,,,,
,,,,,,,,,,,
,,,,,,,,,,,
,,,,,,,,,,,
500,Direktionsstabsdienste (light),,,,,,,,,,
,,,,,,,,,,,
,,,,,Direktionsstabsdienste (light),,,,,,
,,,,,,,,,,,
,,,,,,,,,,,
,,,,,,,,,,,
,,,,,,,,,,,
,,,,,,,,,,,
,,,,,,,,,,,
,,,,,,,,,,,
,,,,,,,,,,,
,,,,,,,,,,,
,,,,,,,,,,,
,,,,,,,,,,,
,,,,,,,,,,,
,,,,,,,,,,,
,,,,,,,,,,,
,,,,,,,,,,,
,,,,,,,,,,,
,,,,,,,,,,,
,,,,,,,,,,,
,,,,,,,,,,,
,,,,,,,,,,,
,,,,,,,,,,,
,,,,,,,,,,,
,,,,,,,,,,,
,,,,,,,,,,,
,,,,,,,,,,,
,,,,,,,,,,,
,,,,,,,,,,,
,,,,,,,,,,,
,,,,,,,,,,,
,,,,,,,,,,,
,,,,,,,,,,,
,,,,,,,,,,,
,,,,,,,,,,,
,,,,,,,,,,,
,,,,,,,,,,,
,,,,,,,,,,,
,,,,,,,,,,,
x_neueseite_x,,,,,,,,,,,
500,Direktionsstabsdienste (light),,,,,,,,,,
,,,,,,,,,,,
,Übersicht,,,,,,,,,,
,,,,,,,,,,,
Kosten und,,,Voranschlag,,Voranschlag,Rechnung,,Rechnung,,,
Erlöse,,,2012,,2011,2010,,2009,,,
,Bruttokosten,,"33,525,935.04",,"32,950,575.45","33,933,663.98",,"31,791,411.24",,,
,,,,,,,,,,,
,Erlöse,,"810,392.63",,"269,963.97","273,923.35",,"286,355.95",,,
,,,,,,,,,,,
,Nettokosten,,"32,715,542.41",,"32,680,611.48","33,659,740.63",,"31,505,055.29",,,
,,,,,,,,,,,
,Kostendeckungsgrad in %,,2.4%,,0.8%,0.8%,,0.9%,,,
,,,,,,,,,,,
,,,,,,,,,,,
Nummer,Produktegruppe,Bruttokosten 2012,,,Erlös 2012,,,Nettokosten,,Nettokosten,Abweichung
,,Fr.,%,,Fr.,%,,2012 / Fr.,,2011 / Fr.,2012/2011 %
PG500100,Leistungen für Politik und Verwaltungsführung (light),"1,674,464.98",5%,,"33,110.49",4%,,"1,641,354.49",,"1,643,957.90",-0%
,,,,,,,,,,,
PG500400,Zentrale Dienste (light),"1,654,434.70",5%,,"175,677.14",22%,,"1,478,757.56",,"1,400,347.70",6%
,,,,,,,,,,,
PG500500,Konzepte/Koordination öffentlicher Verkehr (light),"30,197,035.36",90%,,"601,605.00",74%,,"29,595,430.36",,"29,636,305.88",-0%
,,,,,,,,,,,
,,,,,,,,,,,
Bemerkungen,,,,,,,,,,,
,,,,,,,,,,,
,,,,,,,,,,,
,,,,,,,,,,,
,,,,,,,,,,,
,,,,,,,,,,,
,,,,,,,,,,,
,,,,,,,,,,,
,,,,,,,,,,,
,,,,,,,,,,,
,,,,,,,,,,,
,,,,,,,,,,,
,,,,,,,,,,,
,,,,,,,,,,,
,,,,,,,,,,,
,,,,,,,,,,,
,,,,,,,,,,,
x_neueseite_x,,,,,,,,,,,
500,Direktionsstabsdienste (light),,,,,,,,,,
,,,,,,,,,,,
,Produktegruppe PG500100 Leistungen für Politik und Verwaltungsführung (light),,,,,,,,,,
,,,,,,,,,,,
Kosten und,,Voranschlag,Voranschlag,,Rechnung,Rechnung,,Finanzierung der Produktegruppe in %,,,
Erlöse,,2012,2011,,2010,2009,,,,,
,Bruttokosten,"1,674,464.98","1,676,967.18",,"1,565,139.99","1,536,120.75",,,,,
,,,,,,,,,,,
,Erlöse,"33,110.49","33,009.28",,"38,711.46","30,686.74",,,,,
,,,,,,,,,,,
,Nettokosten,"1,641,354.49","1,643,957.90",,"1,526,428.53","1,505,434.01",,,,,
,,,,,,,,,,,
,Kostendeckungsgrad in %,2.0%,2.0%,,2.5%,2.0%,,,,,
,,,,,,,,,,,
,,,,,,,,,,,
,,,,,,,,,,,
,,,,,,,,,,,
Nummer,Produkt,Bruttokosten 2012,,,Erlös 2012,,,Nettokosten,,Nettokosten,Abweichung
,,Fr.,%,,Fr.,%,,2012 / Fr.,,2011 / Fr.,2012/2011 %
P500110,Führungsunterstützung,"1,674,464.98",100%,,"33,110.49",100%,,"1,641,354.49",,"1,643,957.90",-0%
,,,,,,,,,,,
,,,,,,,,,,,
Bemerkungen,,,,,,,,,,,
,,,,,,,,,,,
,,,,,,,,,,,
,,,,,,,,,,,
,,,,,,,,,,,
,,,,,,,,,,,
,,,,,,,,,,,
,,,,,,,,,,,
,,,,,,,,,,,
,,,,,,,,,,,
x_neueseite_x,,,,,,,,,,,
500,Direktionsstabsdienste (light),,,,,,,,,,
,,,,,,,,,,,
,Produktegruppe PG500100 Leistungen für Politik und Verwaltungsführung (light) - Fortsetzung,,,,,,,,,,
,,,,,,,,,,,
Ziele,Übergeordnete Ziele,,,,,Hinweise zur Zielüberprüfung,,,,,
,,,,,,,,,,,
,,,,,,,,,,,
,,,,,,,,,,,
,,,,,,,,,,,
,,,,,,,,,,,
,,,,,,,,,,,
,,,,,,,,,,,
,,,,,,,,,,,
,,,,,,,,,,,
,,,,,,,,,,,
,,,,,,,,,,,
,,,,,,,,,,,
,,,,,,,,,,,
"Steuerungs-
vorgaben",Vorgabe,Soll 2012,Soll 2011,,Ist 2010,Ist 2009,,Ist 2008,Kommentar,,
,keine,,,,,,,,,,
,,,,,,,,,,,
,,,,,,,,,,,
,,,,,,,,,,,
Kennzahlen,Kennzahl,,Ist 2010,,Ist 2009,Ist 2008,,Ist 2007,Kommentar,,
,1) Anzahl beantwortete parlamentarische Vorstösse,,82,,99,82,,85,,,
,,,,,,,,,,,
,2) Fristgerecht beim GR eingereichte parlamentarische Vorstösse,,93%,,98%,95%,,75%,,,
,,,,,,,,,,,
,,,,,,,,,,,
Bemerkungen ,,,,,,,,,,,
,,,,,,,,,,,
,,,,,,,,,,,
,,,,,,,,,,,
x_neueseite_x,,,,,,,,,,,
500,Direktionsstabsdienste (light),,,,,,,,,,
,,,,,,,,,,,
,Produktegruppe PG500400 Zentrale Dienste (light),,,,,,,,,,
,,,,,,,,,,,
Kosten und,,Voranschlag,Voranschlag,,Rechnung,Rechnung,,Finanzierung der Produktegruppe in %,,,
Erlöse,,2012,2011,,2010,2009,,,,,
,Bruttokosten,"1,654,434.70","1,575,690.43",,"2,274,885.94","1,666,475.82",,,,,
,,,,,,,,,,,
,Erlöse,"175,677.14","175,342.73",,"178,126.74","222,280.81",,,,,
,,,,,,,,,,,
,Nettokosten,"1,478,757.56","1,400,347.70",,"2,096,759.20","1,444,195.01",,,,,
,,,,,,,,,,,
,Kostendeckungsgrad in %,10.6%,11.1%,,7.8%,13.3%,,,,,
,,,,,,,,,,,
,,,,,,,,,,,
,,,,,,,,,,,
,,,,,,,,,,,
Nummer,Produkt,Bruttokosten 2012,,,Erlös 2012,,,Nettokosten,,Nettokosten,Abweichung
,,Fr.,%,,Fr.,%,,2012 / Fr.,,2011 / Fr.,2012/2011 %
P500410,Finanzwesen,"679,761.14",41%,,"140,912.31",80%,,"538,848.83",,"532,059.04",1%
,,,,,,,,,,,
P500420,Informatikkoordination,"151,856.92",9%,,"29,664.00",17%,,"122,192.92",,"118,048.72",4%
,,,,,,,,,,,
P500430,Personalwesen,"660,874.85",40%,,"4,517.40",3%,,"656,357.45",,"596,381.58",10%
,,,,,,,,,,,
P500440,Ausbildungswesen,"161,941.79",10%,,583.43,0%,,"161,358.36",,"153,858.36",5%
,,,,,,,,,,,
,,,,,,,,,,,
Bemerkungen,,,,,,,,,,,
,,,,,,,,,,,
,,,,,,,,,,,
,,,,,,,,,,,
,,,,,,,,,,,
,,,,,,,,,,,
,,,,,,,,,,,
,,,,,,,,,,,
,,,,,,,,,,,
,,,,,,,,,,,
,,,,,,,,,,,
,,,,,,,,,,,
,,,,,,,,,,,
,,,,,,,,,,,
,,,,,,,,,,,
x_neueseite_x,,,,,,,,,,,
500,Direktionsstabsdienste (light),,,,,,,,,,
,,,,,,,,,,,
,Produktegruppe PG500400 Zentrale Dienste (light) - Fortsetzung,,,,,,,,,,
,,,,,,,,,,,
Ziele,Übergeordnete Ziele,,,,,Hinweise zur Zielüberprüfung,,,,,
,,,,,,,,,,,
,,,,,,,,,,,
,,,,,,,,,,,
,,,,,,,,,,,
,,,,,,,,,,,
,,,,,,,,,,,
,,,,,,,,,,,
,,,,,,,,,,,
,,,,,,,,,,,
,,,,,,,,,,,
,,,,,,,,,,,
"Steuerungs-
vorgaben",Vorgabe,Soll 2012,Soll 2011,,Ist 2010,Ist 2009,,Ist 2008,Kommentar,,
,keine,,,,,,,,,,
,,,,,,,,,,,
,,,,,,,,,,,
,,,,,,,,,,,
Kennzahlen,Kennzahl,,Ist 2010,,Ist 2009,Ist 2008,,Ist 2007,Kommentar,,
,1) Anzahl Stelleneinheiten DPD,,3.5,,2.9,4.2,,3.4,DPD = Direktionspersonaldienst,,
,,,,,,,,,,,
,2) Anzahl Stelleneinheiten DFD,,4.8,,4.8,4.8,,4.8,DFD = Direktionsfinanzdienst,,
,,,,,,,,,,,
,3) Anzahl vom DPD betreute Personen,,735,,734,715,,706,"Der DPD TVS betreut nur direktionsinterne Mitarbeitende. 
Stichtag 30. Juni",,
,,,,,,,,,,,
,4) Anzahl abgeschlossene Lehrverhältnisse und Praktika,,27,,30,25,,28,,,
,,,,,,,,,,,
,,,,,,,,,,,
x_neueseite_x,,,,,,,,,,,
500,Direktionsstabsdienste (light),,,,,,,,,,
,,,,,,,,,,,
,Produktegruppe PG500400 Zentrale Dienste (light) - Fortsetzung,,,,,,,,,,
,,,,,,,,,,,
Bemerkungen ,,,,,,,,,,,
,,,,,,,,,,,
,,,,,,,,,,,
,,,,,,,,,,,
,,,,,,,,,,,
,,,,,,,,,,,
,,,,,,,,,,,
,,,,,,,,,,,
,,,,,,,,,,,
,,,,,,,,,,,
,,,,,,,,,,,
,,,,,,,,,,,
,,,,,,,,,,,
,,,,,,,,,,,
,,,,,,,,,,,
,,,,,,,,,,,
,,,,,,,,,,,
,,,,,,,,,,,
,,,,,,,,,,,
,,,,,,,,,,,
,,,,,,,,,,,
x_neueseite_x,,,,,,,,,,,
500,Direktionsstabsdienste (light),,,,,,,,,,
,,,,,,,,,,,
,Produktegruppe PG500500 Konzepte/Koordination öffentlicher Verkehr (light),,,,,,,,,,
,,,,,,,,,,,
Kosten und,,Voranschlag,Voranschlag,,Rechnung,Rechnung,,Finanzierung der Produktegruppe in %,,,
Erlöse,,2012,2011,,2010,2009,,,,,
,Bruttokosten,"30,197,035.36","29,697,917.84",,"30,093,638.05","28,588,814.67",,,,,
,,,,,,,,,,,
,Erlöse,"601,605.00","61,611.96",,"57,085.15","33,388.40",,,,,
,,,,,,,,,,,
,Nettokosten,"29,595,430.36","29,636,305.88",,"30,036,552.90","28,555,426.27",,,,,
,,,,,,,,,,,
,Kostendeckungsgrad in %,2.0%,0.2%,,0.2%,0.1%,,,,,
,,,,,,,,,,,
,,,,,,,,,,,
,,,,,,,,,,,
,,,,,,,,,,,
Nummer,Produkt,Bruttokosten 2012,,,Erlös 2012,,,Nettokosten,,Nettokosten,Abweichung
,,Fr.,%,,Fr.,%,,2012 / Fr.,,2011 / Fr.,2012/2011 %
P500510,Konzepte/Koordination öff. Verkehr,"197,303.36",1%,,"1,605.00",0%,,"195,698.36",,"202,660.88",-3%
,,,,,,,,,,,
P500520,Beitrag der Stadt an den öff. Verkehr,"29,999,732.00",99%,,"600,000.00",100%,,"29,399,732.00",,"29,433,645.00",-0%
,,,,,,,,,,,
,,,,,,,,,,,
Bemerkungen,,,,,,,,,,,
,,,,,,,,,,,
,,,,,,,,,,,
,,,,,,,,,,,
,,,,,,,,,,,
,,,,,,,,,,,
,,,,,,,,,,,
,,,,,,,,,,,
,,,,,,,,,,,
,,,,,,,,,,,
,,,,,,,,,,,
,,,,,,,,,,,
,,,,,,,,,,,
,,,,,,,,,,,
,,,,,,,,,,,
,,,,,,,,,,,
,,,,,,,,,,,
,,,,,,,,,,,
x_neueseite_x,,,,,,,,,,,
500,Direktionsstabsdienste (light),,,,,,,,,,
,,,,,,,,,,,
,Produktegruppe PG500500 Konzepte/Koordination öffentlicher Verkehr (light) - Fortsetzung,,,,,,,,,,
,,,,,,,,,,,
Bemerkungen,,,,,,,,,,,
,,,,,,,,,,,
,,,,,,,,,,,
,,,,,,,,,,,
,,,,,,,,,,,
,,,,,,,,,,,
,,,,,,,,,,,
,,,,,,,,,,,
,,,,,,,,,,,
,,,,,,,,,,,
,,,,,,,,,,,
,,,,,,,,,,,
x_neueseite_x,,,,,,,,,,,
500,Direktionsstabsdienste (light),,,,,,,,,,
,,,,,,,,,,,
,Produktegruppe PG500500 Konzepte/Koordination öffentlicher Verkehr (light) - Fortsetzung,,,,,,,,,,
,,,,,,,,,,,
Ziele,Übergeordnete Ziele,,,,,Hinweise zur Zielüberprüfung,,,,,
,,,,,,,,,,,
,,,,,,,,,,,
,,,,,,,,,,,
,,,,,,,,,,,
,,,,,,,,,,,
,,,,,,,,,,,
,,,,,,,,,,,
,,,,,,,,,,,
,,,,,,,,,,,
,,,,,,,,,,,
,,,,,,,,,,,
,,,,,,,,,,,
,,,,,,,,,,,
,,,,,,,,,,,
,,,,,,,,,,,
,,,,,,,,,,,
"Steuerungs-
vorgaben",Vorgabe,Soll 2012,Soll 2011,,Ist 2010,Ist 2009,,Ist 2008,Kommentar,,
,keine,,,,,,,,,,
,,,,,,,,,,,
,,,,,,,,,,,
Kennzahlen,Kennzahl,,Ist 2010,,Ist 2009,Ist 2008,,Ist 2007,Kommentar,,
,1) Anzahl verwaltungsinterner Stellungnahmen der Fachstelle öffentlicher Verkehr (FöV),,26,,25,19,,12,Vernehmlassungen oder Mitwirkungsberichte,,
,,,,,,,,,,,
,2) Anzahl beantworteter parlamentarischer Vorstösse der FöV,,8,,14,5,,6,Im Jahresbericht werden die Vorstösse genannt.,,
,,,,,,,,,,,
,3) Anzahl Anfragen der Bevölkerung und der Medien bei der FöV,,57,,50,59,,74,"Anfragen von BürgerInnen, Medien, Parteien, Vereinen, Behörden usw.",,
,,,,,,,,,,,
x_neueseite_x,,,,,,,,,,,
500,Direktionsstabsdienste (light),,,,,,,,,,
,,,,,,,,,,,
,Produktegruppe PG500500 Konzepte/Koordination öffentlicher Verkehr (light) - Fortsetzung,,,,,,,,,,
,,,,,,,,,,,
Kennzahlen,Kennzahl,,Ist 2010,,Ist 2009,Ist 2008,,Ist 2007,Kommentar,,
,4) Aufwand für politische und organisatorische Dienstleistungen FöV zuhanden der/des Direktorin/Direktors TVS,,20%,,20%,20%,,15%,"Sitzungsvorbereitung Verwaltungsrat Bernmobil, Ausschuss der Regionalen Verkehrskonferenz (RVK), div. Behördendelegationen",,
,,,,,,,,,,,
,5) Aufwand der FöV für Leitung bzw. Koordination bzw. Mitarbeit in bereichsübergreifenden öV-Projekten,,60%,,50%,45%,,50%,"zB. Tram Region Bern, Zukunft Bahnhof Bern, Tram Bern West.",,
,,,,,,,,,,,
,6) durchschnittliche Kosten in Fr. pro Einwohner/in der Stadt Bern für den öV,,227(1),,216,214,,169(2),Durchschnittlicher Pro-Kopf-Beitrag im Kanton Bern 2010 = 110(1),,
,,,,,,,,,,,
,,,,,,,,,,,
Bemerkungen ,,,,,,,,,,,
,,,,,,,,,,,
,,,,,,,,,,,
,,,,,,,,,,,
,,,,,,,,,,,
,,,,,,,,,,,
,,,,,,,,,,,
,,,,,,,,,,,
,,,,,,,,,,,
,,,,,,,,,,,
,,,,,,,,,,,
,,,,,,,,,,,
,,,,,,,,,,,
,,,,,,,,,,,
,,,,,,,,,,,
,,,,,,,,,,,
,,,,,,,,,,,
,,,,,,,,,,,
,,,,,,,,,,,
,,,,,,,,,,,
,,,,,,,,,,,
510,Tiefbauamt,,,,,,,,,,
,,,,,,,,,,,
,,,,,Tiefbauamt,,,,,,
,,,,,,,,,,,
,,,,,,,,,,,
,,,,,,,,,,,
,,,,,,,,,,,
,,,,,,,,,,,
,,,,,,,,,,,
,,,,,,,,,,,
,,,,,,,,,,,
,,,,,,,,,,,
,,,,,,,,,,,
,,,,,,,,,,,
,,,,,,,,,,,
,,,,,,,,,,,
,,,,,,,,,,,
,,,,,,,,,,,
,,,,,,,,,,,
,,,,,,,,,,,
,,,,,,,,,,,
,,,,,,,,,,,
,,,,,,,,,,,
,,,,,,,,,,,
,,,,,,,,,,,
,,,,,,,,,,,
,,,,,,,,,,,
,,,,,,,,,,,
,,,,,,,,,,,
,,,,,,,,,,,
,,,,,,,,,,,
,,,,,,,,,,,
,,,,,,,,,,,
,,,,,,,,,,,
,,,,,,,,,,,
,,,,,,,,,,,
,,,,,,,,,,,
,,,,,,,,,,,
,,,,,,,,,,,
,,,,,,,,,,,
x_neueseite_x,,,,,,,,,,,
510,Tiefbauamt,,,,,,,,,,
,,,,,,,,,,,
,Übersicht,,,,,,,,,,
,,,,,,,,,,,
Kosten und,,,Voranschlag,,Voranschlag,Rechnung,,Rechnung,,,
Erlöse,,,2012,,2011,2010,,2009,,,
,Bruttokosten,,"76,942,407.42",,"78,351,643.52","78,654,789.94",,"77,443,234.55",,,
,,,,,,,,,,,
,Erlöse,,"25,928,075.98",,"30,479,446.76","30,229,765.30",,"30,962,151.86",,,
,,,,,,,,,,,
,Nettokosten,,"51,014,331.44",,"47,872,196.76","48,425,024.64",,"46,481,082.69",,,
,,,,,,,,,,,
,Kostendeckungsgrad in %,,33.7%,,38.9%,38.4%,,40.0%,,,
,,,,,,,,,,,
,,,,,,,,,,,
Nummer,Produktegruppe,Bruttokosten 2012,,,Erlös 2012,,,Nettokosten,,Nettokosten,Abweichung
,,Fr.,%,,Fr.,%,,2012 / Fr.,,2011 / Fr.,2012/2011 %
PG510100,Planung und Koordination,"2,931,568.16",4%,,"577,931.92",2%,,"2,353,636.24",,"2,318,496.56",2%
,,,,,,,,,,,
PG510200,Realisierung,"20,588,934.46",27%,,"1,369,008.42",5%,,"19,219,926.04",,"16,024,690.24",20%
,,,,,,,,,,,
PG510300,Betrieb und Unterhalt,"46,103,952.44",60%,,"17,112,500.00",66%,,"28,991,452.44",,"28,407,685.24",2%
,,,,,,,,,,,
PG510400,Bewilligung / Bewirtschaftung (light),"1,507,952.36",2%,,"6,868,635.64",26%,,"-5,360,683.28",,"-5,078,675.28",6%
,,,,,,,,,,,
PG510500,Stadtbeleuchtung,"5,810,000.00",8%,,0.00,0%,,"5,810,000.00",,"6,200,000.00",-6%
,,,,,,,,,,,
,,,,,,,,,,,
Bemerkungen,,,,,,,,,,,
,,,,,,,,,,,
,,,,,,,,,,,
,,,,,,,,,,,
,,,,,,,,,,,
,,,,,,,,,,,
,,,,,,,,,,,
,,,,,,,,,,,
,,,,,,,,,,,
,,,,,,,,,,,
,,,,,,,,,,,
,,,,,,,,,,,
,,,,,,,,,,,
,,,,,,,,,,,
,,,,,,,,,,,
,,,,,,,,,,,
x_neueseite_x,,,,,,,,,,,
510,Tiefbauamt,,,,,,,,,,
,,,,,,,,,,,
,Übersicht - Fortsetzung,,,,,,,,,,
,,,,,,,,,,,
Bemerkungen,,,,,,,,,,,
,,,,,,,,,,,
,,,,,,,,,,,
,,,,,,,,,,,
,,,,,,,,,,,
,,,,,,,,,,,
,,,,,,,,,,,
,,,,,,,,,,,
,,,,,,,,,,,
,,,,,,,,,,,
,,,,,,,,,,,
,,,,,,,,,,,
,,,,,,,,,,,
,,,,,,,,,,,
,,,,,,,,,,,
,,,,,,,,,,,
,,,,,,,,,,,
,,,,,,,,,,,
,,,,,,,,,,,
,,,,,,,,,,,
,,,,,,,,,,,
,,,,,,,,,,,
,,,,,,,,,,,
,,,,,,,,,,,
,,,,,,,,,,,
,,,,,,,,,,,
,,,,,,,,,,,
,,,,,,,,,,,
,,,,,,,,,,,
,,,,,,,,,,,
,,,,,,,,,,,
,,,,,,,,,,,
,,,,,,,,,,,
,,,,,,,,,,,
,,,,,,,,,,,
,,,,,,,,,,,
,,,,,,,,,,,
x_neueseite_x,,,,,,,,,,,
510,Tiefbauamt,,,,,,,,,,
,,,,,,,,,,,
,Übersicht - Fortsetzung,,,,,,,,,,
,,,,,,,,,,,
Bemerkungen,,,,,,,,,,,
,,,,,,,,,,,
,,,,,,,,,,,
,,,,,,,,,,,
,,,,,,,,,,,
,,,,,,,,,,,
,,,,,,,,,,,
,,,,,,,,,,,
,,,,,,,,,,,
,,,,,,,,,,,
,,,,,,,,,,,
,,,,,,,,,,,
,,,,,,,,,,,
,,,,,,,,,,,
,,,,,,,,,,,
,,,,,,,,,,,
,,,,,,,,,,,
,,,,,,,,,,,
,,,,,,,,,,,
,,,,,,,,,,,
,,,,,,,,,,,
,,,,,,,,,,,
,,,,,,,,,,,
,,,,,,,,,,,
,,,,,,,,,,,
,,,,,,,,,,,
,,,,,,,,,,,
,,,,,,,,,,,
,,,,,,,,,,,
,,,,,,,,,,,
,,,,,,,,,,,
,,,,,,,,,,,
,,,,,,,,,,,
,,,,,,,,,,,
,,,,,,,,,,,
x_neueseite_x,,,,,,,,,,,
510,Tiefbauamt,,,,,,,,,,
,,,,,,,,,,,
,Produktegruppe PG510100 Planung und Koordination,,,,,,,,,,
,,,,,,,,,,,
Kosten und,,Voranschlag,Voranschlag,,Rechnung,Rechnung,,Finanzierung der Produktegruppe in %,,,
Erlöse,,2012,2011,,2010,2009,,,,,
,Bruttokosten,"2,931,568.16","3,040,185.80",,"2,642,531.39","2,580,999.59",,,,,
,,,,,,,,,,,
,Erlöse,"577,931.92","721,689.24",,"653,728.72","711,649.29",,,,,
,,,,,,,,,,,
,Nettokosten,"2,353,636.24","2,318,496.56",,"1,988,802.67","1,869,350.30",,,,,
,,,,,,,,,,,
,Kostendeckungsgrad in %,19.7%,23.7%,,24.7%,27.6%,,,,,
,,,,,,,,,,,
,,,,,,,,,,,
,,,,,,,,,,,
,,,,,,,,,,,
Nummer,Produkt,Bruttokosten 2012,,,Erlös 2012,,,Nettokosten,,Nettokosten,Abweichung
,,Fr.,%,,Fr.,%,,2012 / Fr.,,2011 / Fr.,2012/2011 %
P510110,Gesamtwerterhaltungs- planung Infrastruktur,"2,093,724.86",71%,,"324,541.40",56%,,"1,769,183.46",,"1,742,232.92",2%
,,,,,,,,,,,
P510130,Koordination im öffentlichen Raum,"837,843.30",29%,,"253,390.52",44%,,"584,452.78",,"576,263.64",1%
,,,,,,,,,,,
,,,,,,,,,,,
Bemerkungen,,,,,,,,,,,
,,,,,,,,,,,
,,,,,,,,,,,
,,,,,,,,,,,
,,,,,,,,,,,
,,,,,,,,,,,
,,,,,,,,,,,
,,,,,,,,,,,
,,,,,,,,,,,
,,,,,,,,,,,
,,,,,,,,,,,
,,,,,,,,,,,
,,,,,,,,,,,
,,,,,,,,,,,
,,,,,,,,,,,
,,,,,,,,,,,
,,,,,,,,,,,
,,,,,,,,,,,
x_neueseite_x,,,,,,,,,,,
510,Tiefbauamt,,,,,,,,,,
,,,,,,,,,,,
,Produktegruppe PG510100 Planung und Koordination - Fortsetzung,,,,,,,,,,
,,,,,,,,,,,
Ziele,Übergeordnete Ziele,,,,,Hinweise zur Zielüberprüfung,,,,,
,,,,,,,,,,,
,,,,,,,,,,,
,,,,,,,,,,,
,,,,,,,,,,,
,,,,,,,,,,,
,,,,,,,,,,,
,,,,,,,,,,,
,,,,,,,,,,,
,,,,,,,,,,,
,,,,,,,,,,,
,,,,,,,,,,,
,,,,,,,,,,,
,,,,,,,,,,,
,,,,,,,,,,,
"Steuerungs-
vorgaben",Vorgabe,Soll 2012,Soll 2011,,Ist 2010,Ist 2009,,Ist 2008,Kommentar,,
,1) Bedarf an Werterhalt-ungsmassnahmen in Fr. geschätzt (P110),33 Mio. Fr.,33 Mio. Fr.,,33 Mio. Fr.,33 Mio. Fr.,,33 Mio. Fr.,,,
, - in MIP vorgesehene Mittel,17.8 Mio. Fr.,20.3 Mio. Fr.,,11.4 Mio. Fr.,17.6 Mio. Fr.,,17.7 Mio. Fr.,,,
,,,,,,,,,,,
,2) Bedarf an Neubau-massnahmen in Fr. geschätzt (P110),5.8 Mio. Fr.,9.1 Mio. Fr.,,12.1 Mio. Fr.,12.0 Mio. Fr.,,14.3 Mio. Fr.,,,
, - in MIP vorgesehene Mittel,10.3 Mio. Fr.,9.1 Mio. Fr.,,6.8 Mio. Fr.,13.1 Mio. Fr.,,15.8 Mio. Fr.,,,
,,,,,,,,,,,
,3) Umsetzungsgrad des Realisierungsprogramms (nur Tiefbauamt) (P110),85%,85%,,73%,70%,,67%,,,
,,,,,,,,,,,
,4) Anzahl Bauaus- führungen in % (P130):,,,,,,,,,,
,"- im Realisierungs-
  programm enthalten",75%,75%,,71%,78%,,87%,,,
,,,,,,,,,,,
,,,,,,,,,,,
,,,,,,,,,,,
510,Tiefbauamt,,,,,,,,,,
,,,,,,,,,,,
,Produktegruppe PG510100 Planung und Koordination - Fortsetzung,,,,,,,,,,
,,,,,,,,,,,
"Steuerungs-
vorgaben",Vorgabe,Soll 2012,Soll 2011,,Ist 2010,Ist 2009,,Ist 2008,Kommentar,,
,"- im Realisierungs-
  programm nicht enthalten",25%,25%,,29%,22%,,13%,,,
,,,,,,,,,,,
,,,,,,,,,,,
Kennzahlen,Kennzahl,,Ist 2010,,Ist 2009,Ist 2008,,Ist 2007,Kommentar,,
,1) Verhältnis notwendige / eingesetzte Mittel für den Werterhalt der Tiefbauinfrastruktur (P110),,47.00%,,67.00%,64.85%,,65.15%,,,
,,,,,,,,,,,
,2) Geschätzter Wert der Tiefbauinfrastruktur der Stadt Bern (P110),,1'430 Mio. Fr.,,1'300 Mio. Fr.,1'300 Mio. Fr.,,1'200 Mio. Fr.,,,
,,,,,,,,,,,
,3) Eingesetzte Mittel für werterhaltende Massnahmen (P110):,,,,,,,,,,
, - Investitionsrechnung,,11.4 Mio. Fr.,,17.6 Mio. Fr.,17.7 Mio. Fr.,,17.8 Mio. Fr.,,,
, - laufende Rechnung,,4.1 Mio. Fr.,,4.5 Mio. Fr.,3.7 Mio. Fr.,,3.7 Mio. Fr.,,,
,,,,,,,,,,,
,"4) Anzahl Sofortmassnahmen (Leitungsbrüche, etc.) (P110)",,301,,305,316,,303,,,
,,,,,,,,,,,
,,,,,,,,,,,
Bemerkungen ,,,,,,,,,,,
,,,,,,,,,,,
,,,,,,,,,,,
,,,,,,,,,,,
,,,,,,,,,,,
,,,,,,,,,,,
x_neueseite_x,,,,,,,,,,,
510,Tiefbauamt,,,,,,,,,,
,,,,,,,,,,,
,Produktegruppe PG510200 Realisierung,,,,,,,,,,
,,,,,,,,,,,
Kosten und,,Voranschlag,Voranschlag,,Rechnung,Rechnung,,Finanzierung der Produktegruppe in %,,,
Erlöse,,2012,2011,,2010,2009,,,,,
,Bruttokosten,"20,588,934.46","18,372,508.32",,"20,274,213.14","20,652,829.77",,,,,
,,,,,,,,,,,
,Erlöse,"1,369,008.42","2,347,818.08",,"4,903,090.20","5,221,973.16",,,,,
,,,,,,,,,,,
,Nettokosten,"19,219,926.04","16,024,690.24",,"15,371,122.94","15,430,856.61",,,,,
,,,,,,,,,,,
,Kostendeckungsgrad in %,6.6%,12.8%,,24.2%,25.3%,,,,,
,,,,,,,,,,,
,,,,,,,,,,,
,,,,,,,,,,,
,,,,,,,,,,,
Nummer,Produkt,Bruttokosten 2012,,,Erlös 2012,,,Nettokosten,,Nettokosten,Abweichung
,,Fr.,%,,Fr.,%,,2012 / Fr.,,2011 / Fr.,2012/2011 %
P510210,Realisierung Verkehrsflächen,"10,054,122.42",49%,,"672,174.54",49%,,"9,381,947.88",,"8,180,399.18",15%
,,,,,,,,,,,
P510220,Realisierung Kunstbauten,"4,095,028.00",20%,,"270,964.62",20%,,"3,824,063.38",,"3,027,240.70",26%
,,,,,,,,,,,
P510230,Realisierung Wasserbau,"1,030,604.40",5%,,"70,359.60",5%,,"960,244.80",,"760,826.58",26%
,,,,,,,,,,,
P510240,Realisierung Verkehrsmanagement,"5,409,179.64",26%,,"355,509.66",26%,,"5,053,669.98",,"4,056,223.78",25%
,,,,,,,,,,,
,,,,,,,,,,,
Bemerkungen,,,,,,,,,,,
,,,,,,,,,,,
,,,,,,,,,,,
,,,,,,,,,,,
,,,,,,,,,,,
,,,,,,,,,,,
,,,,,,,,,,,
,,,,,,,,,,,
,,,,,,,,,,,
,,,,,,,,,,,
,,,,,,,,,,,
,,,,,,,,,,,
,,,,,,,,,,,
,,,,,,,,,,,
,,,,,,,,,,,
x_neueseite_x,,,,,,,,,,,
510,Tiefbauamt,,,,,,,,,,
,,,,,,,,,,,
,Produktegruppe PG510200 Realisierung - Fortsetzung,,,,,,,,,,
,,,,,,,,,,,
Ziele,Übergeordnete Ziele,,,,,Hinweise zur Zielüberprüfung,,,,,
,,,,,,,,,,,
,,,,,,,,,,,
,,,,,,,,,,,
,,,,,,,,,,,
,,,,,,,,,,,
,,,,,,,,,,,
,,,,,,,,,,,
,,,,,,,,,,,
,,,,,,,,,,,
,,,,,,,,,,,
,,,,,,,,,,,
,,,,,,,,,,,
,,,,,,,,,,,
,,,,,,,,,,,
"Steuerungs-
vorgaben",Vorgabe,Soll 2012,Soll 2011,,Ist 2010,Ist 2009,,Ist 2008,Kommentar,,
,1) Verhältnis Kosten Projektierung und Baubegleitung / verbaute Summe Investitionsbudget (P210-P240),20% / 80%,20% / 80%,,22% / 78%,25% / 75%,,23% / 77%,,,
,,,,,,,,,,,
,2) Verbaute Investitionssumme / Investitionsbudget (P210-P240),100%,70%,,79%,98%,,103%,vgl. Bemerkungen,,
,,,,,,,,,,,
,3) Innerhalb von 2 Monaten anzubringende Markierun-gen (P210 + P240),100%,100%,,100%,100%,,100%,,,
,,,,,,,,,,,
,,,,,,,,,,,
,,,,,,,,,,,
,,,,,,,,,,,
,,,,,,,,,,,
,,,,,,,,,,,
,,,,,,,,,,,
,,,,,,,,,,,
510,Tiefbauamt,,,,,,,,,,
,,,,,,,,,,,
,Produktegruppe PG510200 Realisierung - Fortsetzung,,,,,,,,,,
,,,,,,,,,,,
Kennzahlen,Kennzahl,,Ist 2010,,Ist 2009,Ist 2008,,Ist 2007,Kommentar,,
,1) Anzahl laufende Projekte Verkehrsflächen (P210):,,,,,,,,,,
,- Fr. 300'000,,17,,26,30,,23,,,
,- Fr. 300'001 - Fr. 7 Mio.,,19,,5,12,,22,,,
,- > Fr. 7 Mio.,,5,,2,3,,5,,,
,,,,,,,,,,,
,2) Anzahl laufende Projekte Kunstbauten (P220):,,,,,,,,,,
,- Fr. 300'000,,9,,5,6,,2,,,
,- Fr. 300'001 - Fr. 7 Mio.,,8,,4,4,,9,,,
,- > Fr. 7 Mio.,,0,,0,1,,1,,,
,,,,,,,,,,,
,3) Anzahl laufende Projekte Wasserbau (P230):,,,,,,,,,,
,- Fr. 300'000,,4,,7,3,,5,,,
,- Fr. 300'001 - Fr. 7 Mio.,,1,,1,7,,14,,,
,- > Fr. 7 Mio.,,1,,1,1,,1,,,
,,,,,,,,,,,
,4) Anzahl laufende Projekte Verkehrsmanagement (P240):,,,,,,,,,,
,- Fr. 300'000,,12,,13,16,,17,,,
,- Fr. 300'001 - Fr. 7 Mio.,,4,,1,1,,2,,,
,- > Fr. 7 Mio.,,0,,0,0,,0,,,
,,,,,,,,,,,
,5) Trottoirabsenkungen (P210):,,,,,,,,,,
,- Anzahl ausgeführte,,32,,146,170,,165,,,
,- Anzahl noch auszuführende,,0,,32,178,,348,,,
,,,,,,,,,,,
,6) Auftragsvolumen an Dritte durch gesamtes Tiefbauamt (P210-P240),,10.9 Mio. Fr.,,11.9 Mio. Fr.,16.3 Mio.Fr.,,17.5 Mio. Fr.,,,
,,,,,,,,,,,
,7) Investitionsvolumen (P210-P240),,17.4 Mio. Fr.,,30.0 Mio. Fr.,29.0 Mio. Fr.,,34.1 Mio. Fr.,,,
,,,,,,,,,,,
,,,,,,,,,,,
Bemerkungen ,,,,,,,,,,,
,,,,,,,,,,,
,,,,,,,,,,,
,,,,,,,,,,,
,,,,,,,,,,,
x_neueseite_x,,,,,,,,,,,
510,Tiefbauamt,,,,,,,,,,
,,,,,,,,,,,
,Produktegruppe PG510300 Betrieb und Unterhalt,,,,,,,,,,
,,,,,,,,,,,
Kosten und,,Voranschlag,Voranschlag,,Rechnung,Rechnung,,Finanzierung der Produktegruppe in %,,,
Erlöse,,2012,2011,,2010,2009,,,,,
,Bruttokosten,"46,103,952.44","49,417,185.24",,"47,855,667.80","46,485,054.26",,,,,
,,,,,,,,,,,
,Erlöse,"17,112,500.00","21,009,500.00",,"17,373,510.88","17,245,559.10",,,,,
,,,,,,,,,,,
,Nettokosten,"28,991,452.44","28,407,685.24",,"30,482,156.92","29,239,495.16",,,,,
,,,,,,,,,,,
,Kostendeckungsgrad in %,37.1%,42.5%,,36.3%,37.1%,,,,,
,,,,,,,,,,,
,,,,,,,,,,,
,,,,,,,,,,,
,,,,,,,,,,,
Nummer,Produkt,Bruttokosten 2012,,,Erlös 2012,,,Nettokosten,,Nettokosten,Abweichung
,,Fr.,%,,Fr.,%,,2012 / Fr.,,2011 / Fr.,2012/2011 %
P510310,"Betrieb und Unterhalt Strassen, Ufer- und Wanderwege","37,601,287.48",82%,,"14,153,562.20",83%,,"23,447,725.28",,"22,812,571.40",3%
,,,,,,,,,,,
P510320,Betrieb / Unterhalt Kunstbauten,"1,085,354.00",2%,,"1,254.12",0%,,"1,084,099.88",,"1,083,994.04",0%
,,,,,,,,,,,
P510330,Dienstleistungen,"3,492,995.96",8%,,"2,757,683.68",16%,,"735,312.28",,"888,749.80",-17%
,,,,,,,,,,,
P510340,"Brunnen, Wartehallen, WC","3,924,315.00",9%,,"200,000.00",1%,,"3,724,315.00",,"3,622,370.00",3%
,,,,,,,,,,,
,,,,,,,,,,,
Bemerkungen,,,,,,,,,,,
,,,,,,,,,,,
,,,,,,,,,,,
,,,,,,,,,,,
,,,,,,,,,,,
,,,,,,,,,,,
,,,,,,,,,,,
,,,,,,,,,,,
,,,,,,,,,,,
,,,,,,,,,,,
,,,,,,,,,,,
,,,,,,,,,,,
,,,,,,,,,,,
x_neueseite_x,,,,,,,,,,,
510,Tiefbauamt,,,,,,,,,,
,,,,,,,,,,,
,Produktegruppe PG510300 Betrieb und Unterhalt - Fortsetzung,,,,,,,,,,
,,,,,,,,,,,
Bemerkungen,,,,,,,,,,,
,,,,,,,,,,,
,,,,,,,,,,,
,,,,,,,,,,,
,,,,,,,,,,,
,,,,,,,,,,,
,,,,,,,,,,,
,,,,,,,,,,,
,,,,,,,,,,,
,,,,,,,,,,,
,,,,,,,,,,,
,,,,,,,,,,,
,,,,,,,,,,,
,,,,,,,,,,,
,,,,,,,,,,,
,,,,,,,,,,,
,,,,,,,,,,,
,,,,,,,,,,,
,,,,,,,,,,,
,,,,,,,,,,,
,,,,,,,,,,,
,,,,,,,,,,,
,,,,,,,,,,,
,,,,,,,,,,,
,,,,,,,,,,,
,,,,,,,,,,,
,,,,,,,,,,,
,,,,,,,,,,,
,,,,,,,,,,,
,,,,,,,,,,,
,,,,,,,,,,,
,,,,,,,,,,,
,,,,,,,,,,,
,,,,,,,,,,,
,,,,,,,,,,,
,,,,,,,,,,,
x_neueseite_x,,,,,,,,,,,
510,Tiefbauamt,,,,,,,,,,
,,,,,,,,,,,
,Produktegruppe PG510300 Betrieb und Unterhalt - Fortsetzung,,,,,,,,,,
,,,,,,,,,,,
Ziele,Übergeordnete Ziele,,,,,Hinweise zur Zielüberprüfung,,,,,
,,,,,,,,,,,
,,,,,,,,,,,
,,,,,,,,,,,
,,,,,,,,,,,
,,,,,,,,,,,
,,,,,,,,,,,
,,,,,,,,,,,
,,,,,,,,,,,
,,,,,,,,,,,
,,,,,,,,,,,
,,,,,,,,,,,
,,,,,,,,,,,
,,,,,,,,,,,
,,,,,,,,,,,
,,,,,,,,,,,
,,,,,,,,,,,
,,,,,,,,,,,
,,,,,,,,,,,
,,,,,,,,,,,
,,,,,,,,,,,
,,,,,,,,,,,
,,,,,,,,,,,
,,,,,,,,,,,
,,,,,,,,,,,
,,,,,,,,,,,
,,,,,,,,,,,
,,,,,,,,,,,
,,,,,,,,,,,
,,,,,,,,,,,
,,,,,,,,,,,
,,,,,,,,,,,
,,,,,,,,,,,
,,,,,,,,,,,
,,,,,,,,,,,
,,,,,,,,,,,
x_neueseite_x,,,,,,,,,,,
510,Tiefbauamt,,,,,,,,,,
,,,,,,,,,,,
,Produktegruppe PG510300 Betrieb und Unterhalt - Fortsetzung,,,,,,,,,,
,,,,,,,,,,,
"Steuerungs-
vorgaben",Vorgabe,Soll 2012,Soll 2011,,Ist 2010,Ist 2009,,Ist 2008,Kommentar,,
,1) Sauberkeitsindex (P310),,,,,,,,siehe Bemerkungen,,
,a) Quartiere,3.8,3.5,,3.8,3.4,,3.4,,,
,b) Innenstadt,3.9,3.7,,3.9,3.8,,3.7,,,
,,,,,,,,,,,
,2) durchschn. Kosten pro 1x1 m2 Reinigung (P310),2.70,2.62,,2.31,2.33,,2.46,,,
,,,,,,,,,,,
,3) durchschn. Kosten Strassenreinigung pro m2 und Jahr (gereinigte Fläche) in Fr. (P310):,,,,,,,,inkl. Nischenarbeitsplätze,,
, - Quartierstrasse,3.38,3.28,,2.68,2.8,,3.11,1x wöchentlich/punktuelles Nachreinigen,,
, - Innenstadt,24.31,23.57,,23.72,22.91,,21.55,2x täglich/teilweise mehr,,
,,,,,,,,,,,
,4) Reinigung Sprayereien an öffentlichen  Bauwerken (Anzahl/Fr.) (P310),250/Fr. 450'000,250/Fr. 450'000,,257/Fr. 276'081,269/Fr. 296'593,,237/Fr. 319'884,,,
,,,,,,,,,,,
,5) Betrieblicher Unterhalt in % zum Wieder- beschaffungswert (P310),0.54%,0.55%,,0.60%,0.52%,,0.58%,,,
,,,,,,,,,,,
,6) Unterhalt Verkehrs- flächen in Prozent betrieb- licher Unterhalt (P310),0.84%,1.11%,,0.74%,0.76%,,0.87%,,,
,,,,,,,,,,,
,7) Unterhalt Verkehrs- flächen in Prozent baulicher Unterhalt (P310),0.30%,0.38%,,0.33%,0.68%,,0.46%,,,
,,,,,,,,,,,
,,,,,,,,,,,
x_neueseite_x,,,,,,,,,,,
510,Tiefbauamt,,,,,,,,,,
,,,,,,,,,,,
,Produktegruppe PG510300 Betrieb und Unterhalt - Fortsetzung,,,,,,,,,,
,,,,,,,,,,,
"Steuerungs-
vorgaben",Vorgabe,Soll 2012,Soll 2011,,Ist 2010,Ist 2009,,Ist 2008,Kommentar,,
,8) Kostendeckungsgrad (P330),,,,,,,,,,
,- Garagenbetrieb,100%,100%,,114%,99%,,94%,,,
,"- Werkstätten
  Signalisation/Markierung",100%,100%,,100%,100%,,100%,,,
,"- Fassadenreinigung für
  Dritte",100%,100%,,122%,118%,,113%,,,
,"- Liegenschaftsunterhalt/
  FISTA",100%,100%,,114%,101%,,101%,,,
,,,,,,,,,,,
,9) vom Gemeinderat gewährte Kostenerlasse bei Veranstaltungen (P330),,"90,000",,76/Fr. 269'655,86/Fr. 345'996,,64/Fr. 263'100,Diese Steuerungsvorgabewird ab 2012 bei der SUE geführt.,,
,,,,,,,,,,,
,10) Anteil Schonarbeits- plätze am Personal- bestand (P310-P330),4%,4%,,4%,4%,,4%,,,
,,,,,,,,,,,
,,,,,,,,,,,
Kennzahlen,Kennzahl,,Ist 2010,,Ist 2009,Ist 2008,,Ist 2007,Kommentar,,
,1) Siedlungsabfall im Strassenwischgut (P310)               ,,,,,,,,,,
,- in Tonnen,,"3,005",,"3,211","3,060",,"3,006",,,
,- Kosten pro Tonne in Fr.,,"3,504",,"3,334","3,503",,"3,405",,,
,,,,,,,,,,,
,2) Winterdienst (P310):,,,,,,,,,,
, - Anzahl Einsätze,,75,,64,46,,10,Budgetbasis 25 Einsätze,,
,"- durchschn. Salzverbrauch / 
  Splittverbrauch pro Einsatz",,30.1to /     14.9m3,,25.4to /    11.2m3,"24.4to /
7.5m3",,"19.5to /
16.4m3",,,
,,,,,,,,,,,
,3) Anzahl signalisierte Veranstaltungen auf öffentlichen Strassen und Plätzen (P330),,360,,415,332,,413,,,
,,,,,,,,,,,
x_neueseite_x,,,,,,,,,,,
510,Tiefbauamt,,,,,,,,,,
,,,,,,,,,,,
,Produktegruppe PG510300 Betrieb und Unterhalt - Fortsetzung,,,,,,,,,,
,,,,,,,,,,,
,Kennzahl,,Ist 2010,,Ist 2009,Ist 2008,,Ist 2007,Kommentar,,
,4) Aufträge von Privat für Fassadenreinigungen (gegen Rechnungs- stellung) (P330),,,,,,,,,,
,- Anzahl,,21,,33,40,,34,,,
,- Umsatz in Franken,,"19,429",,"40,617","27,981",,"31,812",,,
,,,,,,,,,,,
,,,,,,,,,,,
Bemerkungen,,,,,,,,,,,
,,,,,,,,,,,
,,,,,,,,,,,
,,,,,,,,,,,
,,,,,,,,,,,
,,,,,,,,,,,
,,,,,,,,,,,
,,,,,,,,,,,
,,,,,,,,,,,
,,,,,,,,,,,
,,,,,,,,,,,
,,,,,,,,,,,
,,,,,,,,,,,
,,,,,,,,,,,
,,,,,,,,,,,
,,,,,,,,,,,
,,,,,,,,,,,
,,,,,,,,,,,
,,,,,,,,,,,
,,,,,,,,,,,
,,,,,,,,,,,
,,,,,,,,,,,
,,,,,,,,,,,
,,,,,,,,,,,
,,,,,,,,,,,
,,,,,,,,,,,
,,,,,,,,,,,
,,,,,,,,,,,
x_neueseite_x,,,,,,,,,,,
510,Tiefbauamt,,,,,,,,,,
,,,,,,,,,,,
,Produktegruppe PG510300 Betrieb und Unterhalt - Fortsetzung,,,,,,,,,,
,,,,,,,,,,,
Bemerkungen ,,,,,,,,,,,
,,,,,,,,,,,
,,,,,,,,,,,
,,,,,,,,,,,
,,,,,,,,,,,
,,,,,,,,,,,
,,,,,,,,,,,
,,,,,,,,,,,
,,,,,,,,,,,
,,,,,,,,,,,
,,,,,,,,,,,
,,,,,,,,,,,
,,,,,,,,,,,
,,,,,,,,,,,
,,,,,,,,,,,
,,,,,,,,,,,
,,,,,,,,,,,
,,,,,,,,,,,
,,,,,,,,,,,
,,,,,,,,,,,
,,,,,,,,,,,
,,,,,,,,,,,
,,,,,,,,,,,
,,,,,,,,,,,
,,,,,,,,,,,
,,,,,,,,,,,
,,,,,,,,,,,
,,,,,,,,,,,
,,,,,,,,,,,
,,,,,,,,,,,
x_neueseite_x,,,,,,,,,,,
510,Tiefbauamt,,,,,,,,,,
,,,,,,,,,,,
,Produktegruppe PG510400 Bewilligung / Bewirtschaftung (light),,,,,,,,,,
,,,,,,,,,,,
Kosten und,,Voranschlag,Voranschlag,,Rechnung,Rechnung,,Finanzierung der Produktegruppe in %,,,
Erlöse,,2012,2011,,2010,2009,,,,,
,Bruttokosten,"1,507,952.36","1,321,764.16",,"1,565,345.11","1,419,398.18",,,,,
,,,,,,,,,,,
,Erlöse,"6,868,635.64","6,400,439.44",,"7,299,435.50","7,782,970.31",,,,,
,,,,,,,,,,,
,Nettoerlös,"-5,360,683.28","5,078,675.28",,"5,734,090.39","6,363,572.13",,,,,
,,,,,,,,,,,
,Kostendeckungsgrad in %,455.5%,484.2%,,466.3%,548.3%,,,,,
,,,,,,,,,,,
,,,,,,,,,,,
,,,,,,,,,,,
,,,,,,,,,,,
Nummer,Produkt,Bruttokosten 2012,,,Erlös 2012,,,Nettoerlös,,Nettoerlös,Abweichung
,,Fr.,%,,Fr.,%,,2012 / Fr.,,2011 / Fr.,2012/2011 %
P510410,Bewirtschaftung des öffentlichen Bodens,"1,052,877.00",70%,,"6,826,740.08",99%,,"5,773,863.08",,"5,439,834.88",6%
,,,,,,,,,,,
P510420,Fachliche Stellungnahmen und Auskünfte,"455,075.36",30%,,"41,895.56",1%,,"-413,179.80",,"-361,159.60",14%
,,,,,,,,,,,
,,,,,,,,,,,
Bemerkungen,,,,,,,,,,,
,,,,,,,,,,,
,,,,,,,,,,,
,,,,,,,,,,,
,,,,,,,,,,,
,,,,,,,,,,,
,,,,,,,,,,,
,,,,,,,,,,,
,,,,,,,,,,,
,,,,,,,,,,,
,,,,,,,,,,,
,,,,,,,,,,,
,,,,,,,,,,,
,,,,,,,,,,,
,,,,,,,,,,,
,,,,,,,,,,,
,,,,,,,,,,,
x_neueseite_x,,,,,,,,,,,
510,Tiefbauamt,,,,,,,,,,
,,,,,,,,,,,
,Produktegruppe PG510400 Bewilligung / Bewirtschaftung (light) - Fortsetzung,,,,,,,,,,
,,,,,,,,,,,
Ziele,Übergeordnete Ziele,,,,,Hinweise zur Zielüberprüfung,,,,,
,,,,,,,,,,,
,,,,,,,,,,,
,,,,,,,,,,,
,,,,,,,,,,,
,,,,,,,,,,,
,,,,,,,,,,,
,,,,,,,,,,,
,,,,,,,,,,,
,,,,,,,,,,,
,,,,,,,,,,,
,,,,,,,,,,,
,,,,,,,,,,,
,,,,,,,,,,,
"Steuerungs-
vorgaben",Vorgabe,Soll 2012,Soll 2011,,Ist 2010,Ist 2009,,Ist 2008,Kommentar,,
,keine,,,,,,,,,,
,,,,,,,,,,,
,,,,,,,,,,,
,,,,,,,,,,,
Kennzahlen,Kennzahl,,Ist 2010,,Ist 2009,Ist 2008,,Ist 2007,Kommentar,,
,1) Anzahl Ausführungskontrollen (P410),,"3,746",,"4,179","4,286",,"3,292",,,
,Anzahl Beanstandungen,,474,,66,151,,98,,,
,,,,,,,,,,,
,2) Anzahl Gesuche (P420),,"1,105",,860,739,,948,,,
,,,,,,,,,,,
,3) Anzahl Stellungnahmen/Auskünfte (P420),,"3,865",,"4,203","3,381",,"3,230",,,
,,,,,,,,,,,
,,,,,,,,,,,
Bemerkungen ,,,,,,,,,,,
,,,,,,,,,,,
,,,,,,,,,,,
,,,,,,,,,,,
,,,,,,,,,,,
,,,,,,,,,,,
x_neueseite_x,,,,,,,,,,,
510,Tiefbauamt,,,,,,,,,,
,,,,,,,,,,,
,Produktegruppe PG510500 Stadtbeleuchtung,,,,,,,,,,
,,,,,,,,,,,
Kosten und,,Voranschlag,Voranschlag,,Rechnung,Rechnung,,Finanzierung der Produktegruppe in %,,,
Erlöse,,2012,2011,,2010,2009,,,,,
,Bruttokosten,"5,810,000.00","6,200,000.00",,"6,317,032.50","6,304,952.75",,,,,
,,,,,,,,,,,
,Erlöse,0.00,0.00,,0.00,0.00,,,,,
,,,,,,,,,,,
,Nettokosten,"5,810,000.00","6,200,000.00",,"6,317,032.50","6,304,952.75",,,,,
,,,,,,,,,,,
,Kostendeckungsgrad in %,0.0%,0.0%,,0.0%,0.0%,,,,,
,,,,,,,,,,,
,,,,,,,,,,,
,,,,,,,,,,,
,,,,,,,,,,,
Nummer,Produkt,Bruttokosten 2012,,,Erlös 2012,,,Nettokosten,,Nettokosten,Abweichung
,,Fr.,%,,Fr.,%,,2012 / Fr.,,2011 / Fr.,2012/2011 %
P510510,Stadtbeleuchtung,"5,810,000.00",100%,,0.00,-,,"5,810,000.00",,"6,200,000.00",-6%
,,,,,,,,,,,
,,,,,,,,,,,
Bemerkungen,,,,,,,,,,,
,,,,,,,,,,,
,,,,,,,,,,,
,,,,,,,,,,,
,,,,,,,,,,,
,,,,,,,,,,,
,,,,,,,,,,,
,,,,,,,,,,,
,,,,,,,,,,,
,,,,,,,,,,,
,,,,,,,,,,,
,,,,,,,,,,,
,,,,,,,,,,,
,,,,,,,,,,,
,,,,,,,,,,,
,,,,,,,,,,,
x_neueseite_x,,,,,,,,,,,
510,Tiefbauamt,,,,,,,,,,
,,,,,,,,,,,
,Produktegruppe PG510500 Stadtbeleuchtung - Fortsetzung,,,,,,,,,,
,,,,,,,,,,,
Ziele,Übergeordnete Ziele,,,,,Hinweise zur Zielüberprüfung,,,,,
,,,,,,,,,,,
,,,,,,,,,,,
,,,,,,,,,,,
,,,,,,,,,,,
,,,,,,,,,,,
,,,,,,,,,,,
,,,,,,,,,,,
,,,,,,,,,,,
,,,,,,,,,,,
,,,,,,,,,,,
,,,,,,,,,,,
"Steuerungs-
vorgaben",Vorgabe,Soll 2012,Soll 2011,,Ist 2010,Ist 2009,,Ist 2008,Kommentar,,
,1) Stromverbrauch kWh,max. 8'800'000,max. 9'000'000,,"8,879,271","9,243,625",,"8,684,042",,,
,2) kWh/m.a.,max. 24.3,,max. 24.9,24.53,,25.53,22.85,,,
,,,,,,,,,,,
,,,,,,,,,,,
Bemerkungen ,,,,,,,,,,,
,,,,,,,,,,,
,,,,,,,,,,,
,,,,,,,,,,,
,,,,,,,,,,,
,,,,,,,,,,,
,,,,,,,,,,,
,,,,,,,,,,,
,,,,,,,,,,,
,,,,,,,,,,,
,,,,,,,,,,,
,,,,,,,,,,,
,,,,,,,,,,,
,,,,,,,,,,,
520-521,Stadtgärtnerei/Friedhöfe,,,,,,,,,,
,,,,,,,,,,,
,,,,,Stadtgärtnerei/Friedhöfe,,,,,,
,,,,,,,,,,,
,,,,,,,,,,,
,,,,,,,,,,,
,,,,,,,,,,,
,,,,,,,,,,,
,,,,,,,,,,,
,,,,,,,,,,,
,,,,,,,,,,,
,,,,,,,,,,,
,,,,,,,,,,,
,,,,,,,,,,,
,,,,,,,,,,,
,,,,,,,,,,,
,,,,,,,,,,,
,,,,,,,,,,,
,,,,,,,,,,,
,,,,,,,,,,,
,,,,,,,,,,,
,,,,,,,,,,,
,,,,,,,,,,,
,,,,,,,,,,,
,,,,,,,,,,,
,,,,,,,,,,,
,,,,,,,,,,,
,,,,,,,,,,,
,,,,,,,,,,,
,,,,,,,,,,,
,,,,,,,,,,,
,,,,,,,,,,,
,,,,,,,,,,,
,,,,,,,,,,,
,,,,,,,,,,,
,,,,,,,,,,,
,,,,,,,,,,,
,,,,,,,,,,,
,,,,,,,,,,,
,,,,,,,,,,,
x_neueseite_x,,,,,,,,,,,
520-521,Stadtgärtnerei/Friedhöfe,,,,,,,,,,
,,,,,,,,,,,
,Übersicht,,,,,,,,,,
,,,,,,,,,,,
Kosten und,,,Voranschlag,,Voranschlag,Rechnung,,Rechnung,,,
Erlöse,,,2012,,2011,2010,,2009,,,
,Bruttokosten,,"27,790,698.71",,"26,993,487.41","27,014,396.43",,"37,446,221.62",,,
,,,,,,,,,,,
,Erlöse,,"10,542,050.00",,"10,536,000.00","10,729,495.01",,"21,670,394.11",,,
,,,,,,,,,,,
,Nettokosten,,"17,248,648.71",,"16,457,487.41","16,284,901.42",,"15,775,827.51",,,
,,,,,,,,,,,
,Kostendeckungsgrad in %,,37.9%,,39.0%,39.7%,,57.9%,,,
,,,,,,,,,,,
,,,,,,,,,,,
Nummer,Produktegruppe,Bruttokosten 2012,,,Erlös 2012,,,Nettokosten,,Nettokosten,Abweichung
,,Fr.,%,,Fr.,%,,2012 / Fr.,,2011 / Fr.,2012/2011 %
PG520100,Grünraumgestaltung,"1,678,626.75",6%,,"230,399.92",2%,,"1,448,226.83",,"1,408,951.73",3%
,,,,,,,,,,,
PG520200,Grünflächenpflege,"16,192,989.71",58%,,"5,564,100.01",53%,,"10,628,889.70",,"10,081,568.41",5%
,,,,,,,,,,,
PG520300,Grünkultur,"988,795.37",4%,,"144,599.61",1%,,"844,195.76",,"955,048.89",-12%
,,,,,,,,,,,
PG521100,Friedhöfe,"8,930,286.88",32%,,"4,602,950.46",44%,,"4,327,336.42",,"4,011,918.38",8%
,,,,,,,,,,,
,,,,,,,,,,,
Bemerkungen,,,,,,,,,,,
,,,,,,,,,,,
,,,,,,,,,,,
,,,,,,,,,,,
,,,,,,,,,,,
,,,,,,,,,,,
,,,,,,,,,,,
,,,,,,,,,,,
,,,,,,,,,,,
,,,,,,,,,,,
,,,,,,,,,,,
,,,,,,,,,,,
,,,,,,,,,,,
,,,,,,,,,,,
,,,,,,,,,,,
,,,,,,,,,,,
,,,,,,,,,,,
,,,,,,,,,,,
x_neueseite_x,,,,,,,,,,,
520-521,Stadtgärtnerei/Friedhöfe,,,,,,,,,,
,,,,,,,,,,,
,Übersicht - Fortsetzung,,,,,,,,,,
,,,,,,,,,,,
Bemerkungen,,,,,,,,,,,
,,,,,,,,,,,
,,,,,,,,,,,
,,,,,,,,,,,
,,,,,,,,,,,
,,,,,,,,,,,
,,,,,,,,,,,
,,,,,,,,,,,
,,,,,,,,,,,
,,,,,,,,,,,
,,,,,,,,,,,
,,,,,,,,,,,
,,,,,,,,,,,
,,,,,,,,,,,
,,,,,,,,,,,
,,,,,,,,,,,
,,,,,,,,,,,
,,,,,,,,,,,
,,,,,,,,,,,
,,,,,,,,,,,
,,,,,,,,,,,
,,,,,,,,,,,
,,,,,,,,,,,
,,,,,,,,,,,
,,,,,,,,,,,
,,,,,,,,,,,
,,,,,,,,,,,
,,,,,,,,,,,
,,,,,,,,,,,
,,,,,,,,,,,
,,,,,,,,,,,
,,,,,,,,,,,
,,,,,,,,,,,
,,,,,,,,,,,
,,,,,,,,,,,
x_neueseite_x,,,,,,,,,,,
520-521,Stadtgärtnerei/Friedhöfe,,,,,,,,,,
,,,,,,,,,,,
,Produktegruppe PG520100 Grünraumgestaltung,,,,,,,,,,
,,,,,,,,,,,
Kosten und,,Voranschlag,Voranschlag,,Rechnung,Rechnung,,Finanzierung der Produktegruppe in %,,,
Erlöse,,2012,2011,,2010,2009,,,,,
,Bruttokosten,"1,678,626.75","1,617,421.73",,"1,547,496.16","1,640,437.37",,,,,
,,,,,,,,,,,
,Erlöse,"230,399.92","208,470.00",,"195,202.94","258,836.56",,,,,
,,,,,,,,,,,
,Nettokosten,"1,448,226.83","1,408,951.73",,"1,352,293.22","1,381,600.81",,,,,
,,,,,,,,,,,
,Kostendeckungsgrad in %,13.7%,12.9%,,12.6%,15.8%,,,,,
,,,,,,,,,,,
,,,,,,,,,,,
,,,,,,,,,,,
,,,,,,,,,,,
Nummer,Produkt,Bruttokosten 2012,,,Erlös 2012,,,Nettokosten,,Nettokosten,Abweichung
,,Fr.,%,,Fr.,%,,2012 / Fr.,,2011 / Fr.,2012/2011 %
P520110,Natur und Ökologie,"216,097.82",13%,,"8,858.03",4%,,"207,239.79",,"201,562.15",3%
,,,,,,,,,,,
P520120,Realisierung Anlagen,"463,525.13",28%,,"109,844.06",48%,,"353,681.07",,"338,769.52",4%
,,,,,,,,,,,
P520130,Baumschutz,"202,696.67",12%,,"9,921.20",4%,,"192,775.47",,"186,419.76",3%
,,,,,,,,,,,
P520140,Bauherrenleistung,"796,307.13",47%,,"101,776.63",44%,,"694,530.50",,"682,200.30",2%
,,,,,,,,,,,
,,,,,,,,,,,
Bemerkungen,,,,,,,,,,,
,,,,,,,,,,,
,,,,,,,,,,,
,,,,,,,,,,,
,,,,,,,,,,,
,,,,,,,,,,,
,,,,,,,,,,,
,,,,,,,,,,,
,,,,,,,,,,,
,,,,,,,,,,,
,,,,,,,,,,,
,,,,,,,,,,,
,,,,,,,,,,,
,,,,,,,,,,,
x_neueseite_x,,,,,,,,,,,
520-521,Stadtgärtnerei/Friedhöfe,,,,,,,,,,
,,,,,,,,,,,
,Produktegruppe PG520100 Grünraumgestaltung - Fortsetzung,,,,,,,,,,
,,,,,,,,,,,
Ziele,Übergeordnete Ziele,,,,,Hinweise zur Zielüberprüfung,,,,,
,,,,,,,,,,,
,,,,,,,,,,,
,,,,,,,,,,,
,,,,,,,,,,,
,,,,,,,,,,,
,,,,,,,,,,,
,,,,,,,,,,,
,,,,,,,,,,,
,,,,,,,,,,,
,,,,,,,,,,,
,,,,,,,,,,,
,,,,,,,,,,,
,,,,,,,,,,,
,,,,,,,,,,,
,,,,,,,,,,,
,,,,,,,,,,,
,,,,,,,,,,,
"Steuerungs-
vorgaben",Vorgabe,Soll 2012,Soll 2011,,Ist 2010,Ist 2009,,Ist 2008,Kommentar,,
,1) Grundlagen (P110 - P140),4,0,,6,3,,0,Umsetzungsprogramme,,
,,,,,,,,,,,
,2) Grünanlagen (P120):,,,,,,,,,,
,Sanierungen,8,5,,11,11,,3,je nach Projektstand der Stadtteile,,
,Neuerstellungen,0,0,,1,1,,0,je nach Projektstand und Quartierabsprache,,
,,,,,,,,,,,
,3) Spielplätze (P120):,,,,,,,,,,
,Sanierungen,8,5,,7,4,,9,je nach Projektstand und ,,
,Neuerstellungen,0,0,,3,2,,2,Quartierabsprache,,
,,,,,,,,,,,
,4) Strassenbäume Neupflanzungen (P120),10,10,,74,20,,21,im Zusammenhang mit KÖR-Projekten,,
,,,,,,,,,,,
,"5) Schulen, Kindergärten, Sportanlagen (P140)",10,5,,12,6,,17,je nach Projektstand (WUV und Stadtbauten) der Stadtteile,,
,,,,,,,,,,,
,,,,,,,,,,,
x_neueseite_x,,,,,,,,,,,
520-521,Stadtgärtnerei/Friedhöfe,,,,,,,,,,
,,,,,,,,,,,
,Produktegruppe PG520100 Grünraumgestaltung - Fortsetzung,,,,,,,,,,
,,,,,,,,,,,
Kennzahlen,Kennzahl,,Ist 2010,,Ist 2009,Ist 2008,,Ist 2007,Kommentar,,
,1) Baumfällgesuche und Beratungen (P130):,,,,,,,,,,
,aufgewendete Stunden ,,"1,430",,"1,267",904,,"1,318",,,
,Anzahl Gesuche,,276,,291,272,,265,,,
,,,,,,,,,,,
,2) KÖR (Koordination im öffentlichen Raum) (P130):,,,,,,,,,,
,aufgewendete Stunden ,,398,,479,585,,369,,,
,Anzahl Anfragen,,89,,61,71,,54,,,
,Anzahl Baustellen,,52,,62,84,,116,,,
,,,,,,,,,,,
,"3) Anzahl Vorlagen und Vorstösse (P120, P140)",,18 / 54,,12 / 18,22 / 30,,10 / 10,,,
,,,,,,,,,,,
,,,,,,,,,,,
Bemerkungen ,,,,,,,,,,,
,,,,,,,,,,,
,,,,,,,,,,,
,,,,,,,,,,,
,,,,,,,,,,,
,,,,,,,,,,,
,,,,,,,,,,,
,,,,,,,,,,,
,,,,,,,,,,,
x_neueseite_x,,,,,,,,,,,
520-521,Stadtgärtnerei/Friedhöfe,,,,,,,,,,
,,,,,,,,,,,
,Produktegruppe PG520200 Grünflächenpflege,,,,,,,,,,
,,,,,,,,,,,
Kosten und,,Voranschlag,Voranschlag,,Rechnung,Rechnung,,Finanzierung der Produktegruppe in %,,,
Erlöse,,2012,2011,,2010,2009,,,,,
,Bruttokosten,"16,192,989.71","15,287,078.53",,"15,535,410.22","14,927,909.16",,,,,
,,,,,,,,,,,
,Erlöse,"5,564,100.01","5,205,510.12",,"5,711,419.18","5,233,899.73",,,,,
,,,,,,,,,,,
,Nettokosten,"10,628,889.70","10,081,568.41",,"9,823,991.04","9,694,009.43",,,,,
,,,,,,,,,,,
,Kostendeckungsgrad in %,34.4%,34.1%,,36.8%,35.1%,,,,,
,,,,,,,,,,,
,,,,,,,,,,,
,,,,,,,,,,,
,,,,,,,,,,,
Nummer,Produkt,Bruttokosten 2012,,,Erlös 2012,,,Nettokosten,,Nettokosten,Abweichung
,,Fr.,%,,Fr.,%,,2012 / Fr.,,2011 / Fr.,2012/2011 %
P520210,Parkanlagen,"6,133,284.10",38%,,"553,975.83",10%,,"5,579,308.27",,"5,244,937.51",6%
,,,,,,,,,,,
P520220,"Schul-, Sport- und Badeanlagen","5,080,984.15",31%,,"3,868,001.82",70%,,"1,212,982.33",,"1,168,768.34",4%
,,,,,,,,,,,
P520230,Grün öffentliche Bauten,"306,308.53",2%,,"149,593.04",3%,,"156,715.49",,"154,370.06",2%
,,,,,,,,,,,
P520240,Verkehrsgrün / Alleen,"2,829,755.97",17%,,"262,460.19",5%,,"2,567,295.78",,"2,421,546.70",6%
,,,,,,,,,,,
P520250,Landschaft,"1,307,690.60",8%,,"225,077.88",4%,,"1,082,612.72",,"1,072,605.10",1%
,,,,,,,,,,,
P520260,Familiengärten,"534,966.36",3%,,"504,991.25",9%,,"29,975.11",,"19,340.70",55%
,,,,,,,,,,,
,,,,,,,,,,,
Bemerkungen,,,,,,,,,,,
,,,,,,,,,,,
,,,,,,,,,,,
,,,,,,,,,,,
,,,,,,,,,,,
,,,,,,,,,,,
,,,,,,,,,,,
,,,,,,,,,,,
,,,,,,,,,,,
,,,,,,,,,,,
,,,,,,,,,,,
x_neueseite_x,,,,,,,,,,,
520-521,Stadtgärtnerei/Friedhöfe,,,,,,,,,,
,,,,,,,,,,,
,Produktegruppe PG520200 Grünflächenpflege - Fortsetzung,,,,,,,,,,
,,,,,,,,,,,
Bemerkungen,,,,,,,,,,,
,,,,,,,,,,,
,,,,,,,,,,,
,,,,,,,,,,,
,,,,,,,,,,,
,,,,,,,,,,,
,,,,,,,,,,,
,,,,,,,,,,,
,,,,,,,,,,,
,,,,,,,,,,,
,,,,,,,,,,,
,,,,,,,,,,,
,,,,,,,,,,,
,,,,,,,,,,,
,,,,,,,,,,,
,,,,,,,,,,,
,,,,,,,,,,,
,,,,,,,,,,,
,,,,,,,,,,,
,,,,,,,,,,,
,,,,,,,,,,,
,,,,,,,,,,,
,,,,,,,,,,,
,,,,,,,,,,,
,,,,,,,,,,,
,,,,,,,,,,,
x_neueseite_x,,,,,,,,,,,
520-521,Stadtgärtnerei/Friedhöfe,,,,,,,,,,
,,,,,,,,,,,
,Produktegruppe PG520200 Grünflächenpflege - Fortsetzung,,,,,,,,,,
,,,,,,,,,,,
Ziele,Übergeordnete Ziele,,,,,Hinweise zur Zielüberprüfung,,,,,
,,,,,,,,,,,
,,,,,,,,,,,
,,,,,,,,,,,
,,,,,,,,,,,
,,,,,,,,,,,
,,,,,,,,,,,
,,,,,,,,,,,
,,,,,,,,,,,
,,,,,,,,,,,
,,,,,,,,,,,
,,,,,,,,,,,
,,,,,,,,,,,
,,,,,,,,,,,
,,,,,,,,,,,
,,,,,,,,,,,
,,,,,,,,,,,
,,,,,,,,,,,
,,,,,,,,,,,
,,,,,,,,,,,
,,,,,,,,,,,
,,,,,,,,,,,
,,,,,,,,,,,
,,,,,,,,,,,
,,,,,,,,,,,
,,,,,,,,,,,
,,,,,,,,,,,
,,,,,,,,,,,
"Steuerungs-
vorgaben",Vorgabe,Soll 2012,Soll 2011,,Ist 2010,Ist 2009,,Ist 2008,Kommentar,,
,1) Anteil Schon- und Nischenarbeitsplätze (P210-250),ca. 10%,ca. 10%,,ca. 10%,ca. 10%,,ca. 10%,Anteil am gesamten Personalbestand,,
,,,,,,,,,,,
x_neueseite_x,,,,,,,,,,,
520-521,Stadtgärtnerei/Friedhöfe,,,,,,,,,,
,,,,,,,,,,,
,Produktegruppe PG520200 Grünflächenpflege - Fortsetzung,,,,,,,,,,
,,,,,,,,,,,
"Steuerungs-
vorgaben",Vorgabe,Soll 2012,Soll 2011,,Ist 2010,Ist 2009,,Ist 2008,Kommentar,,
,2) Durchschn. Kosten pro m2 Grünart in Franken:,,,,,,,,"
",,
,Parkgrün (P210),4.45,4.40,,4.33,4.25,,3.88,,,
,Schul-/Sport-/Turngrün (P220),2.25,2.25,,2.17,2.15,,2.10,,,
,Verkehrsgrün (P240),3.40,3.35,,3.52,3.32,,3.28,,,
,Landschaftsgrün (P250),0.75,0.75,,0.84,0.69,,0.77,,,
,Wald (P250),0.45,0.40,,0.73,0.34,,0.33,,,
,,,,,,,,,,,
,,,,,,,,,,,
Kennzahlen,Kennzahl,,Ist 2010,,Ist 2009,Ist 2008,,Ist 2007,Kommentar,,
,"1) Zufriedenheitsgrad der Einwohnerinnen/Einwohner:(P210, 250)
Note 6 (sehr gut)
Note 5
Note 4
Note 3 - 1
keine Angabe",,keine Einwohnerbe-fragung durchgeführt,,keine Einwohnerbe-fragung durchgeführt,keine Einwohnerbe-fragung durchgeführt,,"30.7%
39.0%
21.8%
8.0%
0.5%",Einwohnerbefragung der Stadt Bern: Gefragt wurde nach der Zufriedenheit mit den Grünanlagen und Spielplätzen in der Stadt Bern,,
,,,,,,,,,,,
,2) Öffentlicher Grünflächenbestand per 31. Dezember  (P210 - P250):,,,,,,,,,,
,Total in m2,,"4,287,691",,"4,272,882","4,263,043",,"4,224,006",,,
,Zuwachs/Abnahme (m2),,"14,809",,"9,839","39,037",,"-46,516",,,
,Anteil m2 pro Einwohnerin/Einwohner,,32.53,,32.73,32.96,,32.88,,,
,,,,,,,,,,,
,,,,,,,,,,,
,,,,,,,,,,,
x_neueseite_x,,,,,,,,,,,
520-521,Stadtgärtnerei/Friedhöfe,,,,,,,,,,
,,,,,,,,,,,
,Produktegruppe PG520200 Grünflächenpflege - Fortsetzung,,,,,,,,,,
,,,,,,,,,,,
Kennzahlen,Kennzahl,,Ist 2010,,Ist 2009,Ist 2008,,Ist 2007,Kommentar,,
,3) Anteil der verschiedenen Grünarten in m2:,,,,,,,,,,
,Parkgrün (P210),,"755,616",,"752,448","752,668",,"752,668",,,
,Siedlungsgrün (P210),,"12,979",,"8,700","8,700",,"8,700",,,
,"Schul-, Turn-, Sportgrün (P220)",,"1,245,569",,"1,239,362","1,229,439",,"1,219,420",,,
,Grün öffentliche Bauten (P230),,"19,801",,"19,075","19,075",,"19,075",,,
,Verkehrsgrün (P240),,"247,443",,"247,014","246,878",,"242,704",,,
,Industriegrün (P240),,"16,195",,"16,195","16,195",,"16,195",,,
,Landschaftsgrün (P250),,"810,320",,"810,320","810,320",,"785,476",,,
,Wald (P250),,"401,213",,"401,213","401,213",,"401,213",,,
,Familiengärten (P260),,"395,425",,"395,425","395,425",,"395,425",,,
,Friedhofanlagen (Friedhöfe) (PG521100),,"383,130",,"383,130","383,130",,"383,130",,,
,,,,,,,,,,,
,4) Öffentlicher Baumbestand per 31. Dezember (P240):,,,,,,,,,,
,Bäume total,,"20,624",,"20,665","20,688",,"20,696",,,
,Zuwachs / Abnahme Bäume,,-41,,-23,-8,,-20,,,
,,,,,,,,,,,
,"5) Aufteilung innerhalb der Baumarten:
Historische Alleen (Bäume) (P240)",,"1,382",,"1,381","1,381",,"1,381",,,
,Alleen und  Hochalleen (Bäume) (P240),,"5,504",,"5,506","5,507",,"5,508",,,
,Einzelbäume (Bäume) (P240),,305,,303,303,,303,,,
,Anlagen (diverse) (Bäume) (P210),,"11,294",,"11,339","11,361",,"11,367",,,
,Friedhöfe (diverse) (Bäume) (PG521100),,"2,139",,"2,136","2,136",,"2,137",,,
,,,,,,,,,,,
,,,,,,,,,,,
Bemerkungen ,,,,,,,,,,,
,,,,,,,,,,,
,,,,,,,,,,,
,,,,,,,,,,,
,,,,,,,,,,,
,,,,,,,,,,,
,,,,,,,,,,,
,,,,,,,,,,,
,,,,,,,,,,,
,,,,,,,,,,,
x_neueseite_x,,,,,,,,,,,
520-521,Stadtgärtnerei/Friedhöfe,,,,,,,,,,
,,,,,,,,,,,
,Produktegruppe PG520200 Grünflächenpflege - Fortsetzung,,,,,,,,,,
,,,,,,,,,,,
Bemerkungen ,,,,,,,,,,,
,,,,,,,,,,,
,,,,,,,,,,,
,,,,,,,,,,,
,,,,,,,,,,,
,,,,,,,,,,,
,,,,,,,,,,,
,,,,,,,,,,,
,,,,,,,,,,,
,,,,,,,,,,,
,,,,,,,,,,,
,,,,,,,,,,,
,,,,,,,,,,,
,,,,,,,,,,,
,,,,,,,,,,,
,,,,,,,,,,,
,,,,,,,,,,,
,,,,,,,,,,,
,,,,,,,,,,,
,,,,,,,,,,,
,,,,,,,,,,,
,,,,,,,,,,,
,,,,,,,,,,,
,,,,,,,,,,,
,,,,,,,,,,,
,,,,,,,,,,,
,,,,,,,,,,,
,,,,,,,,,,,
x_neueseite_x,,,,,,,,,,,
520-521,Stadtgärtnerei/Friedhöfe,,,,,,,,,,
,,,,,,,,,,,
,Produktegruppe PG520300 Grünkultur,,,,,,,,,,
,,,,,,,,,,,
Kosten und,,Voranschlag,Voranschlag,,Rechnung,Rechnung,,Finanzierung der Produktegruppe in %,,,
Erlöse,,2012,2011,,2010,2009,,,,,
,Bruttokosten,"988,795.37","1,118,038.77",,"1,209,764.50","987,059.48",,,,,
,,,,,,,,,,,
,Erlöse,"144,599.61","162,989.88",,"164,150.03","222,218.17",,,,,
,,,,,,,,,,,
,Nettokosten,"844,195.76","955,048.89",,"1,045,614.47","764,841.31",,,,,
,,,,,,,,,,,
,Kostendeckungsgrad in %,14.6%,14.6%,,13.6%,22.5%,,,,,
,,,,,,,,,,,
,,,,,,,,,,,
,,,,,,,,,,,
,,,,,,,,,,,
Nummer,Produkt,Bruttokosten 2012,,,Erlös 2012,,,Nettokosten,,Nettokosten,Abweichung
,,Fr.,%,,Fr.,%,,2012 / Fr.,,2011 / Fr.,2012/2011 %
P520310,Bern in Blumen,"372,147.37",38%,,"34,937.56",24%,,"337,209.81",,"471,616.63",-28%
,,,,,,,,,,,
P520320,Förderung Grünkompetenz,"418,489.03",42%,,"32,342.08",22%,,"386,146.95",,"368,325.85",5%
,,,,,,,,,,,
P520330,Support und Service,"198,158.97",20%,,"77,319.97",53%,,"120,839.00",,"115,106.41",5%
,,,,,,,,,,,
,,,,,,,,,,,
Bemerkungen,,,,,,,,,,,
,,,,,,,,,,,
,,,,,,,,,,,
,,,,,,,,,,,
,,,,,,,,,,,
,,,,,,,,,,,
,,,,,,,,,,,
,,,,,,,,,,,
,,,,,,,,,,,
,,,,,,,,,,,
,,,,,,,,,,,
,,,,,,,,,,,
,,,,,,,,,,,
,,,,,,,,,,,
,,,,,,,,,,,
,,,,,,,,,,,
x_neueseite_x,,,,,,,,,,,
520-521,Stadtgärtnerei/Friedhöfe,,,,,,,,,,
,,,,,,,,,,,
,Produktegruppe PG520300 Grünkultur - Fortsetzung,,,,,,,,,,
,,,,,,,,,,,
Ziele,Übergeordnete Ziele,,,,,Hinweise zur Zielüberprüfung,,,,,
,,,,,,,,,,,
,,,,,,,,,,,
,,,,,,,,,,,
,,,,,,,,,,,
,,,,,,,,,,,
,,,,,,,,,,,
,,,,,,,,,,,
,,,,,,,,,,,
,,,,,,,,,,,
,,,,,,,,,,,
,,,,,,,,,,,
,,,,,,,,,,,
,,,,,,,,,,,
"Steuerungs-
vorgaben",Vorgabe,Soll 2012,Soll 2011,,Ist 2010,Ist 2009,,Ist 2008,Kommentar,,
,1) Strassenblumenschalen (P310),,,,,,,,,,
,Anzahl,140,200,,206,215,,219,,,
,durchschn. Kosten in Fr.,700,700,,645,667,,698,,,
,,,,,,,,,,,
,2) Pflanzenschauhaus (P320),,,,,,,,,,
,Anzahl Besuchende,"22,000","30,000",,"20,710","21,561",,"24,945",,,
,Kosten/Besuchende in Fr.,5.00,4.10,,4.83,5.06,,4.36,,,
,,,,,,,,,,,
,,,,,,,,,,,
Kennzahlen,Kennzahl,,Ist 2010,,Ist 2009,Ist 2008,,Ist 2007,Kommentar,,
,"1) Aktion ""Bern in Blumen"" (P310)
Anmeldungen",,"1,000",,"1,156","1,326",,"1,333","In Zusammenarbeit mit der ""Vereinigung für Bern"", welche auch den Preis stiftet.",,
,Erst-Prämierungen,,236,,263,260,,319,,,
,,,,,,,,,,,
,"2) Ausstellungen (P310)
Kosten",,"3,211",,,keine Ausstellung,,"
28'575
10'100",2009: Finanzierung durch Dritte,,
,Besuchende,,"12,000",,"2,900",,,"10,100",,,
,,,,,,,,,,,
,,,,,,,,,,,
x_neueseite_x,,,,,,,,,,,
520-521,Stadtgärtnerei/Friedhöfe,,,,,,,,,,
,,,,,,,,,,,
,Produktegruppe PG520300 Grünkultur - Fortsetzung,,,,,,,,,,
,,,,,,,,,,,
Kennzahlen,Kennzahl,,Ist 2010,,Ist 2009,Ist 2008,,Ist 2007,Kommentar,,
,"3) Anzahl Klassenbesuche des ""Grünen Klassenzimmers"" (P320)",,139,,141,141,,140,neue Kennzahl ab Budget 2009,,
,,,,,,,,,,,
,4) Führungen Elfenau (P320),,,,,,,,,,
,Anzahl,,12,,7,11,,18,,,
,Teilnehmende,,"1,228",,185,"2,989",,398,"2008: davon 2'800 Museumsnacht
2010: davon 1'000 Museumsnacht",,
,,,,,,,,,,,
,5) Veranstaltungen Elfenau (P330),,,,,,,,Veranstalter ist der Elfenau-Ausschuss,,
,Anzahl Veranstaltungen,,37,,39,24,,30,,,
,Anzahl Besuchende,,"9,690",,"8,145","6,730",,"3,962",,,
,,,,,,,,,,,
,,,,,,,,,,,
Bemerkungen ,,,,,,,,,,,
,,,,,,,,,,,
,,,,,,,,,,,
,,,,,,,,,,,
,,,,,,,,,,,
,,,,,,,,,,,
,,,,,,,,,,,
,,,,,,,,,,,
,,,,,,,,,,,
,,,,,,,,,,,
,,,,,,,,,,,
,,,,,,,,,,,
,,,,,,,,,,,
,,,,,,,,,,,
,,,,,,,,,,,
,,,,,,,,,,,
,,,,,,,,,,,
,,,,,,,,,,,
x_neueseite_x,,,,,,,,,,,
520-521,Stadtgärtnerei/Friedhöfe,,,,,,,,,,
,,,,,,,,,,,
,Produktegruppe PG521100 Friedhöfe,,,,,,,,,,
,,,,,,,,,,,
Kosten und,,Voranschlag,Voranschlag,,Rechnung,Rechnung,,Finanzierung der Produktegruppe in %,,,
Erlöse,,2012,2011,,2010,2009,,,,,
,Bruttokosten,"8,930,286.88","8,970,948.38",,"8,721,725.55","19,890,815.61",,,,,
,,,,,,,,,,,
,Erlöse,"4,602,950.46","4,959,030.00",,"4,658,722.86","15,955,439.65",,,,,
,,,,,,,,,,,
,Nettokosten,"4,327,336.42","4,011,918.38",,"4,063,002.69","3,935,375.96",,,,,
,,,,,,,,,,,
,Kostendeckungsgrad in %,51.5%,55.3%,,53.4%,80.2%,,,,,
,,,,,,,,,,,
,,,,,,,,,,,
,,,,,,,,,,,
,,,,,,,,,,,
Nummer,Produkt,Bruttokosten 2012,,,Erlös 2012,,,Nettokosten,,Nettokosten,Abweichung
,,Fr.,%,,Fr.,%,,2012 / Fr.,,2011 / Fr.,2012/2011 %
P521110,Bestattungen / Beisetzungen,"609,192.87",7%,,"273,530.51",6%,,"335,662.36",,"322,246.79",4%
,,,,,,,,,,,
P521120,Friedhof- und Grabanlagen,"6,431,080.15",72%,,"3,376,072.16",73%,,"3,055,007.99",,"2,785,386.30",10%
,,,,,,,,,,,
P521140,Dienstleistungen,"1,890,013.86",21%,,"953,347.79",21%,,"936,666.07",,"904,285.29",4%
,,,,,,,,,,,
,,,,,,,,,,,
Bemerkungen,,,,,,,,,,,
,,,,,,,,,,,
,,,,,,,,,,,
,,,,,,,,,,,
,,,,,,,,,,,
,,,,,,,,,,,
,,,,,,,,,,,
,,,,,,,,,,,
,,,,,,,,,,,
,,,,,,,,,,,
,,,,,,,,,,,
,,,,,,,,,,,
,,,,,,,,,,,
,,,,,,,,,,,
,,,,,,,,,,,
x_neueseite_x,,,,,,,,,,,
520-521,Stadtgärtnerei/Friedhöfe,,,,,,,,,,
,,,,,,,,,,,
,Produktegruppe PG521100 Friedhöfe - Fortsetzung,,,,,,,,,,
,,,,,,,,,,,
Ziele,Übergeordnete Ziele,,,,,Hinweise zur Zielüberprüfung,,,,,
,,,,,,,,,,,
,,,,,,,,,,,
,,,,,,,,,,,
,,,,,,,,,,,
,,,,,,,,,,,
,,,,,,,,,,,
,,,,,,,,,,,
,,,,,,,,,,,
,,,,,,,,,,,
,,,,,,,,,,,
,,,,,,,,,,,
,,,,,,,,,,,
,,,,,,,,,,,
"Steuerungs-
vorgaben",Vorgabe,Soll 2012,Soll 2011,,Ist 2010,Ist 2009,,Ist 2008,Kommentar,,
,1) Anteil Schon- und Nischenarbeitsplätze (P110-P140),ca. 10%,ca. 10%,,ca. 10%,ca. 10%,,ca. 10%,Anteil am gesamten Personalbestand,,
,,,,,,,,,,,
,2) durchschn. Kosten pro Beisetzung einer Urne inkl. Erstaufbau des Grabes (P110),180,160,,167,153,,157,,,
,,,,,,,,,,,
,3) durchschn. Kosten pro Bestattung eines Sarges inkl. Erstaufbau des Grabes (P110),"1,200","1,020",,"1,131",973,,978,,,
,,,,,,,,,,,
x_neueseite_x,,,,,,,,,,,
520-521,Stadtgärtnerei/Friedhöfe,,,,,,,,,,
,,,,,,,,,,,
,Produktegruppe PG521100 Friedhöfe - Fortsetzung,,,,,,,,,,
,,,,,,,,,,,
"Steuerungs-
vorgaben",Vorgabe,Soll 2012,Soll 2011,,Ist 2010,Ist 2009,,Ist 2008,Kommentar,,
,4) Kostendeckungsgrad:,,,,,,,"
",,,
,Bestattung / Beisetzung (P110),62.0%,75.0%,,63.5%,76.6%,,73.1%,,,
,Grabbepflanzung (P120),130.0%,135.0%,,133.3%,135.8%,,138.4%,,,
,Grabfeldunterhalt (P120),50.0%,60.0%,,53.0%,62.2%,,48.2%,,,
,Verkauf und Binderei (P140),80.0%,80.0%,,74.2%,80.0%,,77.9%,,,
,,,,,,,,,,,
,,,,,,,,,,,
Kennzahlen,Kennzahl,,Ist 2010,,Ist 2009,Ist 2008,,Ist 2007,Kommentar,,
,1) Bestattungen / Beisetzungen (P110),,,,,,,,,,
,Total,,"1,225",,"1,240","1,237",,"1,221",,,
,Zu- / Abnahme,,-15,,3,16,,-7,,,
,Veränderung in %,,-1.2%,,0.2%,1.3%,,-0.6%,,,
,,,,,,,,,,,
,2) Bestand Grabstätten per 31.12. (P110-P140),,,,,,,,,,
,Total,,"12,582",,"13,108","13,714",,"14,189",,,
,Zu- / Abnahme,,-526,,-606,-475,,-479,,,
,Veränderung in %,,-4.0%,,-4.4%,-3.3%,,-3.3%,,,
,,,,,,,,,,,
,3) Aufteilung nach Grabarten (P110-P140),,,,,,,,,,
,Urnenreihengräber,,"4,242",,"4,679","4,883",,"5,138",,,
,Sargreihengräber,,"3,720",,"3,741","4,002",,"4,171",,,
,Kindergräber,,177,,173,169,,164,,,
,Urnenhaingräber,,"1,858",,"1,905","2,041",,"2,081",,,
,Familiengräber,,"1,791",,"1,826","1,852",,"1,889",,,
,Urnennischen,,794,,784,767,,746,,,
,,,,,,,,,,,
,,,,,,,,,,,
,,,,,,,,,,,
x_neueseite_x,,,,,,,,,,,
520-521,Stadtgärtnerei/Friedhöfe,,,,,,,,,,
,,,,,,,,,,,
,Produktegruppe PG521100 Friedhöfe - Fortsetzung,,,,,,,,,,
,,,,,,,,,,,
Kennzahlen,Kennzahl,,Ist 2010,,Ist 2009,Ist 2008,,Ist 2007,Kommentar,,
,4) Jährliche Bestattungen nach Grabarten (P110) Total,,"1,225",,"1,240","1,237",,"1,221",,,
,Erdbestattungen Total,,144,,155,148,,131,,,
,- Familiengräber,,20,,33,20,,31,,,
,- Diakonissengräber,,4,,3,9,,3,,,
,- Sargreihengräber,,91,,82,85,,81,,,
,- Kindergräber/Frühgeburten,,25,,21,17,,8,,,
,- Moslemgrabfeld,,4,,13,10,,6,,,
,- Exhumationen,,0,,3,7,,2,,,
,Urnenbeisetzungen Total,,394,,415,410,,416,,,
,- Urnenreihengräber,,153,,157,155,,146,,,
,- Urnenhaingräber,,96,,93,104,,111,,,
,- Urnennischen,,63,,57,63,,45,,,
,- Familiengräber,,43,,48,45,,55,,,
,- Sargreihengräber,,34,,35,36,,36,,,
,- Kindergräber/Frühgeburten,,5,,25,7,,23,,,
,Gemeinschaftsgräber Total,,687,,670,679,,674,,,
,- Gemeinschaftsgrab Gruft,,247,,229,215,,237,,,
,- Gemeinschaftsgrab Rasen,,420,,422,443,,419,,,
,- Gemeinschaftswiesengrab für Särge,,20,,19,21,,18,,,
,,,,,,,,,,,
,,,,,,,,,,,
Bemerkungen ,,,,,,,,,,,
,,,,,,,,,,,
,,,,,,,,,,,
,,,,,,,,,,,
,,,,,,,,,,,
,,,,,,,,,,,
,,,,,,,,,,,
,,,,,,,,,,,
,,,,,,,,,,,
,,,,,,,,,,,
,,,,,,,,,,,
570,Vermessungsamt,,,,,,,,,,
,,,,,,,,,,,
,,,,,Vermessungsamt,,,,,,
,,,,,,,,,,,
,,,,,,,,,,,
,,,,,,,,,,,
,,,,,,,,,,,
,,,,,,,,,,,
,,,,,,,,,,,
,,,,,,,,,,,
,,,,,,,,,,,
,,,,,,,,,,,
,,,,,,,,,,,
,,,,,,,,,,,
,,,,,,,,,,,
,,,,,,,,,,,
,,,,,,,,,,,
,,,,,,,,,,,
,,,,,,,,,,,
,,,,,,,,,,,
,,,,,,,,,,,
,,,,,,,,,,,
,,,,,,,,,,,
,,,,,,,,,,,
,,,,,,,,,,,
,,,,,,,,,,,
,,,,,,,,,,,
,,,,,,,,,,,
,,,,,,,,,,,
,,,,,,,,,,,
,,,,,,,,,,,
,,,,,,,,,,,
,,,,,,,,,,,
,,,,,,,,,,,
,,,,,,,,,,,
,,,,,,,,,,,
,,,,,,,,,,,
,,,,,,,,,,,
,,,,,,,,,,,
,,,,,,,,,,,
x_neueseite_x,,,,,,,,,,,
570,Vermessungsamt,,,,,,,,,,
,,,,,,,,,,,
,Übersicht,,,,,,,,,,
,,,,,,,,,,,
Kosten und,,,Voranschlag,,Voranschlag,Rechnung,,Rechnung,,,
Erlöse,,,2012,,2011,2010,,2009,,,
,Bruttokosten,,"5,167,163.86",,"5,065,653.32","4,911,964.21",,"4,850,612.48",,,
,,,,,,,,,,,
,Erlöse,,"3,725,531.19",,"3,857,697.12","3,624,112.18",,"3,501,649.35",,,
,,,,,,,,,,,
,Nettokosten,,"1,441,632.67",,"1,207,956.20","1,287,852.03",,"1,348,963.13",,,
,,,,,,,,,,,
,Kostendeckungsgrad in %,,72.1%,,76.2%,73.8%,,72.2%,,,
,,,,,,,,,,,
,,,,,,,,,,,
Nummer,Produktegruppe,Bruttokosten 2012,,,Erlös 2012,,,Nettokosten,,Nettokosten,Abweichung
,,Fr.,%,,Fr.,%,,2012 / Fr.,,2011 / Fr.,2012/2011 %
PG570100,Geoinformation und Vermessung,"5,167,163.86",100%,,"3,725,531.19",100%,,"1,441,632.67",,"1,207,956.20",19%
,,,,,,,,,,,
,,,,,,,,,,,
Bemerkungen,,,,,,,,,,,
,,,,,,,,,,,
,,,,,,,,,,,
,,,,,,,,,,,
,,,,,,,,,,,
,,,,,,,,,,,
,,,,,,,,,,,
,,,,,,,,,,,
,,,,,,,,,,,
,,,,,,,,,,,
,,,,,,,,,,,
,,,,,,,,,,,
,,,,,,,,,,,
,,,,,,,,,,,
,,,,,,,,,,,
,,,,,,,,,,,
,,,,,,,,,,,
,,,,,,,,,,,
,,,,,,,,,,,
,,,,,,,,,,,
,,,,,,,,,,,
,,,,,,,,,,,
x_neueseite_x,,,,,,,,,,,
570,Vermessungsamt,,,,,,,,,,
x_neueseite_x,,,,,,,,,,,
,Übersicht - Fortsetzung,,,,,,,,,,
,,,,,,,,,,,
Bemerkungen,,,,,,,,,,,
,,,,,,,,,,,
,,,,,,,,,,,
,,,,,,,,,,,
,,,,,,,,,,,
,,,,,,,,,,,
,,,,,,,,,,,
,,,,,,,,,,,
,,,,,,,,,,,
,,,,,,,,,,,
,,,,,,,,,,,
,,,,,,,,,,,
,,,,,,,,,,,
,,,,,,,,,,,
,,,,,,,,,,,
x_neueseite_x,,,,,,,,,,,
570,Vermessungsamt,,,,,,,,,,
,,,,,,,,,,,
,Produktegruppe PG570100 Geoinformation und Vermessung,,,,,,,,,,
,,,,,,,,,,,
Kosten und,,Voranschlag,Voranschlag,,Rechnung,Rechnung,,Finanzierung der Produktegruppe in %,,,
Erlöse,,2012,2011,,2010,2009,,,,,
,Bruttokosten,"5,167,163.86","5,065,653.32",,"4,911,964.21","4,850,612.48",,,,,
,,,,,,,,,,,
,Erlöse,"3,725,531.19","3,857,697.12",,"3,624,112.18","3,501,649.35",,,,,
,,,,,,,,,,,
,Nettokosten,"1,441,632.67","1,207,956.20",,"1,287,852.03","1,348,963.13",,,,,
,,,,,,,,,,,
,Kostendeckungsgrad in %,72.1%,76.2%,,73.8%,72.2%,,,,,
,,,,,,,,,,,
,,,,,,,,,,,
,,,,,,,,,,,
,,,,,,,,,,,
Nummer,Produkt,Bruttokosten 2012,,,Erlös 2012,,,Nettokosten,,Nettokosten,Abweichung
,,Fr.,%,,Fr.,%,,2012 / Fr.,,2011 / Fr.,2012/2011 %
P570110,Vermessung,"1,974,715.56",38%,,"1,246,705.91",33%,,"728,009.65",,"544,689.56",34%
,,,,,,,,,,,
P570120,GKB (GIS-Kompetenzzentrum-Bern),"1,486,951.62",29%,,"530,170.28",14%,,"956,781.34",,"926,943.73",3%
,,,,,,,,,,,
P570130,Geoinformation,"1,705,496.68",33%,,"1,948,655.00",52%,,"-243,158.32",,"-263,677.09",-8%
,,,,,,,,,,,
,,,,,,,,,,,
Bemerkungen,,,,,,,,,,,
,,,,,,,,,,,
,,,,,,,,,,,
,,,,,,,,,,,
,,,,,,,,,,,
,,,,,,,,,,,
,,,,,,,,,,,
,,,,,,,,,,,
,,,,,,,,,,,
,,,,,,,,,,,
,,,,,,,,,,,
,,,,,,,,,,,
,,,,,,,,,,,
,,,,,,,,,,,
,,,,,,,,,,,
x_neueseite_x,,,,,,,,,,,
570,Vermessungsamt,,,,,,,,,,
,,,,,,,,,,,
,Produktegruppe PG570100 Geoinformation und Vermessung - Fortsetzung,,,,,,,,,,
,,,,,,,,,,,
Ziele,Übergeordnete Ziele,,,,,Hinweise zur Zielüberprüfung,,,,,
,,,,,,,,,,,
,,,,,,,,,,,
,,,,,,,,,,,
,,,,,,,,,,,
,,,,,,,,,,,
,,,,,,,,,,,
,,,,,,,,,,,
,,,,,,,,,,,
,,,,,,,,,,,
,,,,,,,,,,,
,,,,,,,,,,,
,,,,,,,,,,,
,,,,,,,,,,,
,,,,,,,,,,,
,,,,,,,,,,,
,,,,,,,,,,,
,,,,,,,,,,,
,,,,,,,,,,,
,,,,,,,,,,,
,,,,,,,,,,,
,,,,,,,,,,,
,,,,,,,,,,,
"Steuerungs-
vorgaben",Vorgabe,Soll 2012,Soll 2011,,Ist 2010,Ist 2009,,Ist 2008,Kommentar,,
,1) Verhältnis Stunden Auf-träge nach Gesetz und Organisationsverordnung / Zusatzleistungen (PG100).,97% / 3%,97% / 3%,,98% / 2%,97% / 3%,,97% / 3%,,,
,,,,,,,,,,,
,2) Kostendeckungsgrad Produktgruppe (PG100),72%,76%,,74%,72%,,75%,,,
,,,,,,,,,,,
,,,,,,,,,,,
x_neueseite_x,,,,,,,,,,,
570,Vermessungsamt,,,,,,,,,,
,,,,,,,,,,,
,Produktegruppe PG570100 Geoinformation und Vermessung - Fortsetzung,,,,,,,,,,
,,,,,,,,,,,
Kennzahlen,Kennzahl,,Ist 2010,,Ist 2009,Ist 2008,,Ist 2007,Kommentar,,
,1) Flächendeckungsgrad der amtlichen,,,,,,,,,,
,Vermessung in % (P110),,,,,,,,,,
,- definitiv anerkannt,,78%,,77%,77%,,77%,,,
,- nach aktuellen Vorschriften (AV93),,44%,,28%,28%,,28%,,,
,,,,,,,,,,,
,2) Anteil am Gesamtertrag Nachführung in % (P110),,,,,,,,,,
,- Private,,57%,,82%,67%,,75%,,,
,- öffentliche Hand,,43%,,18%,33%,,25%,"Gemeinwesen, inkl. ewb, stabe",,
,,,,,,,,,,,
,3) Investitionsvolumen Ersterhebungen (P110),,Fr. 181'960,,Fr. 185'960,Fr. 211'440,,Fr. 122'060,,,
,,,,,,,,,,,
,4) GIS-Durchdringung in % (P120),,50%,,50%,50%,,52%,,,
,,,,,,,,,,,
,5) Investitionsvolumen GKB (P120),,Fr. 625'690,,Fr. 774'910,Fr. 145'700,,Fr. 41'380,,,
,,,,,,,,,,,
,6) Anzahl Feldeinsätze für Geodaten-erhebungen und -nachführungen (P130),,"2,651",,"2,505","4,200",,"4,481",,,
,,,,,,,,,,,
,7) Anteil am Gesamtertrag in % (PG100),,,,,,,,,,
,- stadtintern / stadteigene Unternehmen,,52%,,52%,54%,,56%,,,
,- übrige,,48%,,48%,46%,,44%,,,
,,,,,,,,,,,
,8) Nutzung von Geodaten (P120),,,,,,,,neue Kennzahl; Erhebung 2011,,
,- Internet-Stadtplan,,,0,0,0,,0,,,
,- Web-GIS,,0,,0,0,,0,,,
,,,,,,,,,,,
,9) Geodaten im GIS (P120),,0,,0,0,,0,neue Kennzahl; Erhebung 2011,,
,,,,,,,,,,,
,,,,,,,,,,,
Bemerkungen ,,,,,,,,,,,
,,,,,,,,,,,
,,,,,,,,,,,
,,,,,,,,,,,
,,,,,,,,,,,
,,,,,,,,,,,
,,,,,,,,,,,
,,,,,,,,,,,
x_neueseite_x,,,,,,,,,,,
570,Vermessungsamt,,,,,,,,,,
,,,,,,,,,,,
,Produktegruppe PG570100 Geoinformation und Vermessung - Fortsetzung,,,,,,,,,,
,,,,,,,,,,,
Bemerkungen ,,,,,,,,,,,
,,,,,,,,,,,
,,,,,,,,,,,
,,,,,,,,,,,
,,,,,,,,,,,
,,,,,,,,,,,
,,,,,,,,,,,
,,,,,,,,,,,
,,,,,,,,,,,
,,,,,,,,,,,
,,,,,,,,,,,
,,,,,,,,,,,
,,,,,,,,,,,
,,,,,,,,,,,
,,,,,,,,,,,
,,,,,,,,,,,
,,,,,,,,,,,
,,,,,,,,,,,
,,,,,,,,,,,
,,,,,,,,,,,
,,,,,,,,,,,
,,,,,,,,,,,
,,,,,,,,,,,
,,,,,,,,,,,
,,,,,,,,,,,
,,,,,,,,,,,
,,,,,,,,,,,
,,,,,,,,,,,
,,,,,,,,,,,
,,,,,,,,,,,
,,,,,,,,,,,
,,,,,,,,,,,
,,,,,,,,,,,
,,,,,,,,,,,
,,,,,,,,,,,
,,,,,,,,,,,
,,,,,,,,,,,
,,,,,,,,,,,
,,,,,,,,,,,
,,,,,,,,,,,
580,Verkehrsplanung,,,,,,,,,,
,,,,,,,,,,,
,,,,,Verkehrsplanung,,,,,,
,,,,,,,,,,,
,,,,,,,,,,,
,,,,,,,,,,,
,,,,,,,,,,,
,,,,,,,,,,,
,,,,,,,,,,,
,,,,,,,,,,,
,,,,,,,,,,,
,,,,,,,,,,,
,,,,,,,,,,,
,,,,,,,,,,,
,,,,,,,,,,,
,,,,,,,,,,,
,,,,,,,,,,,
,,,,,,,,,,,
,,,,,,,,,,,
,,,,,,,,,,,
,,,,,,,,,,,
,,,,,,,,,,,
,,,,,,,,,,,
,,,,,,,,,,,
,,,,,,,,,,,
,,,,,,,,,,,
,,,,,,,,,,,
,,,,,,,,,,,
,,,,,,,,,,,
,,,,,,,,,,,
,,,,,,,,,,,
,,,,,,,,,,,
,,,,,,,,,,,
,,,,,,,,,,,
,,,,,,,,,,,
,,,,,,,,,,,
,,,,,,,,,,,
,,,,,,,,,,,
,,,,,,,,,,,
,,,,,,,,,,,
x_neueseite_x,,,,,,,,,,,
580,Verkehrsplanung,,,,,,,,,,
,,,,,,,,,,,
,Übersicht,,,,,,,,,,
,,,,,,,,,,,
Kosten und,,,Voranschlag,,Voranschlag,Rechnung,,Rechnung,,,
Erlöse,,,2012,,2011,2010,,2009,,,
,Bruttokosten,,"5,362,413.86",,"4,489,188.25","6,324,955.98",,"7,019,697.31",,,
,,,,,,,,,,,
,Erlöse,,"985,029.72",,"743,551.00","120,698.85",,"712,132.36",,,
,,,,,,,,,,,
,Nettokosten,,"4,377,384.14",,"3,745,637.25","5,773,294.24",,"6,307,564.95",,,
,,,,,,,,,,,
,Kostendeckungsgrad in %,,18.4%,,16.6%,1.9%,,10.1%,,,
,,,,,,,,,,,
,,,,,,,,,,,
Nummer,Produktegruppe,Bruttokosten 2012,,,Erlös 2012,,,Nettokosten,,Nettokosten,Abweichung
,,Fr.,%,,Fr.,%,,2012 / Fr.,,2011 / Fr.,2012/2011 %
PG580100,Verkehrsplanung,"5,362,413.86",100%,,"985,029.72",100%,,"4,377,384.14",,"3,745,637.25",17%
,,,,,,,,,,,
,,,,,,,,,,,
Bemerkungen,,,,,,,,,,,
,,,,,,,,,,,
,,,,,,,,,,,
,,,,,,,,,,,
,,,,,,,,,,,
,,,,,,,,,,,
,,,,,,,,,,,
,,,,,,,,,,,
,,,,,,,,,,,
,,,,,,,,,,,
,,,,,,,,,,,
,,,,,,,,,,,
,,,,,,,,,,,
,,,,,,,,,,,
,,,,,,,,,,,
,,,,,,,,,,,
,,,,,,,,,,,
,,,,,,,,,,,
,,,,,,,,,,,
,,,,,,,,,,,
,,,,,,,,,,,
,,,,,,,,,,,
,,,,,,,,,,,
x_neueseite_x,,,,,,,,,,,
580,Verkehrsplanung,,,,,,,,,,
,,,,,,,,,,,
,Produktegruppe PG580100 Verkehrsplanung,,,,,,,,,,
,,,,,,,,,,,
Kosten und,,Voranschlag,Voranschlag,,Rechnung,Rechnung,,Finanzierung der Produktegruppe in %,,,
Erlöse,,2012,2011,,2010,2009,,,,,
,Bruttokosten,"5,362,413.86","4,489,188.25",,"6,324,955.98","7,019,697.31",,,,,
,,,,,,,,,,,
,Erlöse,"985,029.72","743,551.00",,"120,698.85","712,132.36",,,,,
,,,,,,,,,,,
,Nettokosten,"4,377,384.14","3,745,637.25",,"6,204,257.13","6,307,564.95",,,,,
,,,,,,,,,,,
,Kostendeckungsgrad in %,18.4%,16.6%,,1.9%,10.1%,,,,,
,,,,,,,,,,,
,,,,,,,,,,,
,,,,,,,,,,,
,,,,,,,,,,,
Nummer,Produkt,Bruttokosten 2012,,,Erlös 2012,,,Nettokosten,,Nettokosten,Abweichung
,,Fr.,%,,Fr.,%,,2012 / Fr.,,2011 / Fr.,2012/2011 %
P580110,Verkehrskonzepte,"698,201.35",13%,,"25,174.68",3%,,"673,026.67",,"650,909.93",3%
,,,,,,,,,,,
P580120,Vorprojekte Verkehrsanlagen (Bau und Betrieb),"1,983,090.03",37%,,"122,714.28",12%,,"1,860,375.75",,"1,545,898.41",20%
,,,,,,,,,,,
P580130,Beeinflussung Verkehrsverhalten,"594,805.64",11%,,823.92,0%,,"593,981.72",,"598,828.91",-1%
,,,,,,,,,,,
P580140,Förderung Fuss- und Veloverkehr,"2,086,316.84",39%,,"836,316.84",85%,,"1,250,000.00",,"950,000.00",32%
,,,,,,,,,,,
,,,,,,,,,,,
Bemerkungen,,,,,,,,,,,
,,,,,,,,,,,
,,,,,,,,,,,
,,,,,,,,,,,
,,,,,,,,,,,
,,,,,,,,,,,
,,,,,,,,,,,
,,,,,,,,,,,
,,,,,,,,,,,
,,,,,,,,,,,
,,,,,,,,,,,
,,,,,,,,,,,
x_neueseite_x,,,,,,,,,,,
580,Verkehrsplanung,,,,,,,,,,
,,,,,,,,,,,
,Produktegruppe PG580100 Verkehrsplanung - Fortsetzung,,,,,,,,,,
,,,,,,,,,,,
Ziele,Übergeordnete Ziele,,,,,Hinweise zur Zielüberprüfung,,,,,
x_neueseite_x,,,,,,,,,,,
,,,,,,,,,,,
,,,,,,,,,,,
,,,,,,,,,,,
,,,,,,,,,,,
,,,,,,,,,,,
,,,,,,,,,,,
,,,,,,,,,,,
,,,,,,,,,,,
,,,,,,,,,,,
,,,,,,,,,,,
,,,,,,,,,,,
,,,,,,,,,,,
,,,,,,,,,,,
,,,,,,,,,,,
,,,,,,,,,,,
,,,,,,,,,,,
,,,,,,,,,,,
,,,,,,,,,,,
,,,,,,,,,,,
,,,,,,,,,,,
,,,,,,,,,,,
,,,,,,,,,,,
,,,,,,,,,,,
,,,,,,,,,,,
,,,,,,,,,,,
,,,,,,,,,,,
,,,,,,,,,,,
,,,,,,,,,,,
,,,,,,,,,,,
,,,,,,,,,,,
,,,,,,,,,,,
,,,,,,,,,,,
,,,,,,,,,,,
,,,,,,,,,,,
,,,,,,,,,,,
x_neueseite_x,,,,,,,,,,,
580,Verkehrsplanung,,,,,,,,,,
,,,,,,,,,,,
,Produktegruppe PG580100 Verkehrsplanung - Fortsetzung,,,,,,,,,,
,,,,,,,,,,,
"Steuerungs-
vorgaben",Vorgabe,Soll 2012,Soll 2011,,Ist 2010,Ist 2009,,Ist 2008,Kommentar,,
,1) Verkehrsaufkommen MIV (P 110 und P120),< Vorjahr,< Vorjahr,,±  0,±  0,,< 2006,"40 Zählstellen auf dem städtischen Basis- und Übergangsnetzm, vgl. auch Bem. Kennzahl 2",,
,,,,,,,,,,,
,2) Veloverkehrsaufkommen (P130 und P140),> Vorjahr,> Vorjahr,,nicht verfügbar,nicht verfügbar,,Stichproben-grösse unzureichend,2011 werden noch unvollständige und ab 2012 verlässliche Daten vorliegen,,
,,,,,,,,,,,
,,,,,,,,,,,
,,,,,,,,,,,
Kennzahlen,Kennzahl,,Ist 2010,,Ist 2009,Ist 2008,,Ist 2007,Kommentar,,
,1) Anzahl Verkehrskonzepte und Richtpläne in Bearbeitung / verabschiedet (P110),,16,,18,29,,19,"Erhebung pro Stadtteil, vgl. Band 3 Jahresbericht",,
,,,,,,,,,,,
,2) Veränderung des Verkehrsaufkommens MIV (P120),,±  0,,±  0,-1.00 %,,nicht verfügbar,ca. 30 Zählstellen auf dem städt. Basis- und Übergangsnetz,,
,,,,,,,,,,,
,3) Anzahl überprüfte Baugesuche/Voranfragen (P120),,233,,219,120,,128,Interne Statistik,,
,,,,,,,,,,,
,4) Anzahl abgeschlossene Vorprojekte (P120),,84,,102,112,,110,Interne Statistik,,
,,,,,,,,,,,
,5) Anzahl Monats-/Jahresabonnemente Libero Zonen 10/20 (P130),,"386,500",,"380,000","371,000",,"367,000",Spezialauswertung der Verkaufszahlen durch SBB / Libero Tarifverbund (mit einem Jahr Verzögerung),,
,,,,,,,,,,,
,6) Anzahl bearbeitete Kampagnen (P130),,4,,4,1,,6,begleitete Kampagnen der Fachstelle Verkehrssicherheit ,,
,,,,,,,,,,,
,,,,,,,,,,,
,,,,,,,,,,,
x_neueseite_x,,,,,,,,,,,
580,Verkehrsplanung,,,,,,,,,,
,,,,,,,,,,,
,Produktegruppe PG580100 Verkehrsplanung - Fortsetzung,,,,,,,,,,
,,,,,,,,,,,
Kennzahlen,Kennzahl,,Ist 2010,,Ist 2009,Ist 2008,,Ist 2007,Kommentar,,
,"7) Veränderung des Veloverkehrsaufkom-mens an den Messstellen, bei denen der Veloverkehr permanent erfasst wird. (P140)",,Stichproben-grösse unzureichend,,nicht verfügbar,Stichproben-grösse unzureichend,,Stichproben-grösse unzureichend,Veloverkehrserhebungen durch das Tiefbauamt,,
,,,,,,,,,,,
,8) Stand Spezialfinanzierung (P140),,"1,473,251",,"1,376,815","1,969,255",,"1,572,488", Stand jeweils per 31.12.,,
,,,,,,,,,,,
,,,,,,,,,,,
Bemerkungen,,,,,,,,,,,
,,,,,,,,,,,
,,,,,,,,,,,
,,,,,,,,,,,
,,,,,,,,,,,
,,,,,,,,,,,
,,,,,,,,,,,
,,,,,,,,,,,
,,,,,,,,,,,
,,,,,,,,,,,
,,,,,,,,,,,