Code,2011,2012,2013,Departement,Dienstabteilung,Bezeichnung,Aufwand Voranschlag 2013,Ertrag Voranschlag 2013,Aufwand Voranschlag 2012,Ertrag Voranschlag 2012,Aufwand Rechnung 2011,Ertrag Rechnung 2011
3005,2011,2012,2013,ALLGEMEINE VERWALTUNG,"Wahlen, Abstimmungen",Taggelder Wahlbüro,6000,,9000,,4550,
3010,2011,2012,2013,ALLGEMEINE VERWALTUNG,"Wahlen, Abstimmungen",Besoldungen,4500,,4500,,3000,
303,2011,2012,2013,ALLGEMEINE VERWALTUNG,"Wahlen, Abstimmungen",Sozialversicherungsprämien,2570,,1800,,1281.25,
3101,2011,2012,2013,ALLGEMEINE VERWALTUNG,"Wahlen, Abstimmungen",Drucksachen und Publikationen,12000,,9200,,18334.2,
318,2011,2012,2013,ALLGEMEINE VERWALTUNG,"Wahlen, Abstimmungen",Porti,7200,,8000,,8233.15,
437,2011,2012,2013,ALLGEMEINE VERWALTUNG,"Wahlen, Abstimmungen",Gebühren für Wahl- und Abstimmungsversäumnisse,,6000,,7000,,6132
3000,2011,2012,2013,ALLGEMEINE VERWALTUNG,Einwohnerrat/Kommissionen/Orientierungsversammlungen,Sitzungsgelder,19000,,18500,,18554,
3006,2011,2012,2013,ALLGEMEINE VERWALTUNG,Einwohnerrat/Kommissionen/Orientierungsversammlungen,Besoldung GPK Geschäftsprüfungskommission,5800,,5800,,5690,
303,2011,2012,2013,ALLGEMEINE VERWALTUNG,Einwohnerrat/Kommissionen/Orientierungsversammlungen,Sozialversicherungsprämien,6060,,2800,,2790.75,
310,2011,2012,2013,ALLGEMEINE VERWALTUNG,Einwohnerrat/Kommissionen/Orientierungsversammlungen,Bürokosten,1300,,1300,,1368.8,
3101,2011,2012,2013,ALLGEMEINE VERWALTUNG,Einwohnerrat/Kommissionen/Orientierungsversammlungen,Drucksachen und Publikationen,9200,,9000,,9176.5,
318,2011,2012,2013,ALLGEMEINE VERWALTUNG,Einwohnerrat/Kommissionen/Orientierungsversammlungen,Porti,800,,800,,,
319,2011,2012,2013,ALLGEMEINE VERWALTUNG,Einwohnerrat/Kommissionen/Orientierungsversammlungen,Verschiedene Ausgaben,,,,,,
3000,2011,2012,2013,ALLGEMEINE VERWALTUNG,Gemeinderat,Besoldungen,196300,,196300,,182076,
3010,2011,2012,2013,ALLGEMEINE VERWALTUNG,Gemeinderat,Besoldung Verwaltung,3100,,4000,,3000,
303,2011,2012,2013,ALLGEMEINE VERWALTUNG,Gemeinderat,Sozialversicherungsprämien,48600,,49000,,46731.7,
309,2011,2012,2013,ALLGEMEINE VERWALTUNG,Gemeinderat,übriger Personalaufwand,,,,,100,
310,2011,2012,2013,ALLGEMEINE VERWALTUNG,Gemeinderat,Bürokosten,3500,,3500,,4709.5,
311,2011,2012,2013,ALLGEMEINE VERWALTUNG,Gemeinderat,Anschaffung Mobiliar/Maschinen,,,,,1385.3,
434,2011,2012,2013,ALLGEMEINE VERWALTUNG,Gemeinderat,Rückerstattungen für Sach- und Dienstleistungen,,10000,,2500,,4672.2
461,2011,2012,2013,ALLGEMEINE VERWALTUNG,Kantonsbeitrag an Besoldung Gemeindepräsident,,,8710,,8710,,8710
3000,2011,2012,2013,ALLGEMEINE VERWALTUNG,Zentral- und Steuerverwaltung,Besoldung ReferentIn,11000,,11000,,8100,
3010,2011,2012,2013,ALLGEMEINE VERWALTUNG,Zentral- und Steuerverwaltung,Besoldungen,249600,,212500,,220571.85,
303,2011,2012,2013,ALLGEMEINE VERWALTUNG,Zentral- und Steuerverwaltung,Sozialversicherungsprämien,64650,,55800,,58094.4,
309,2011,2012,2013,ALLGEMEINE VERWALTUNG,Zentral- und Steuerverwaltung,Uebriger Personalaufwand,2500,,,,2277.65,
310,2011,2012,2013,ALLGEMEINE VERWALTUNG,Zentral- und Steuerverwaltung,Drucksachen und Publikationen,12000,,11500,,9400.75,
318,2011,2012,2013,ALLGEMEINE VERWALTUNG,Zentral- und Steuerverwaltung,externe Revisionsstelle,13500,,13500,,13478.4,
3180,2011,2012,2013,ALLGEMEINE VERWALTUNG,Zentral- und Steuerverwaltung,"Porti, Betreibungskosten",20000,,23000,,17673.8,
3181,2011,2012,2013,ALLGEMEINE VERWALTUNG,Zentral- und Steuerverwaltung,"Postcheckgebühren, Bankspesen",6000,,6200,,5022.75,
319,2011,2012,2013,ALLGEMEINE VERWALTUNG,Zentral- und Steuerverwaltung,Verschiedene Ausgaben,700,,650,,650,
434,2011,2012,2013,ALLGEMEINE VERWALTUNG,Zentral- und Steuerverwaltung,Rückerstattungen für Sach- und Dienstleitungen,,,,,,7473.02
4360,2011,2012,2013,ALLGEMEINE VERWALTUNG,Zentral- und Steuerverwaltung,Rückerstattg. Betreibungsgeb.,,5000,,12000,,4579.1
451,2011,2012,2013,ALLGEMEINE VERWALTUNG,Zentral- und Steuerverwaltung,Steuereinzugsprovisionen,,108000,,106000,,107692.7
4520,2011,2012,2013,ALLGEMEINE VERWALTUNG,Zentral- und Steuerverwaltung,Entschädigungen von Sep.-Betr.,,200,,200,,200
3010,2011,2012,2013,ALLGEMEINE VERWALTUNG,Gemeindekanzlei,Besoldungen,151700,,118000,,126807.25,
303,2011,2012,2013,ALLGEMEINE VERWALTUNG,Gemeindekanzlei,Sozialversicherungsprämien,36970,,30000,,31795.6,
309,2011,2012,2013,ALLGEMEINE VERWALTUNG,Gemeindekanzlei,Uebriger Personalaufwand,500,,200,,3406.4,
310,2011,2012,2013,ALLGEMEINE VERWALTUNG,Gemeindekanzlei,"Drucksachen, Publikationen, Büromaterial",6500,,6500,,4348.9,
3180,2011,2012,2013,ALLGEMEINE VERWALTUNG,Gemeindekanzlei,Porti,19000,,18000,,19024.52,
431,2011,2012,2013,ALLGEMEINE VERWALTUNG,Gemeindekanzlei,Gebühren für Beglaubigungen,,1500,,1200,,1212
4310,2011,2012,2013,ALLGEMEINE VERWALTUNG,Gemeindekanzlei,Gebühren für Bewilligungen (z.B. Kistenpass),,500,,500,,
4520,2011,2012,2013,ALLGEMEINE VERWALTUNG,Gemeindekanzlei,Entschädigungen von Sep.-Betr.,,,,200,,200
301,2011,2012,2013,ALLGEMEINE VERWALTUNG,Gemeindearchiv,Besoldungen,10000,,5000,,,
303,2011,2012,2013,ALLGEMEINE VERWALTUNG,Gemeindearchiv,Sozialversicherungsprämien,2440,,,,,
310,2011,2012,2013,ALLGEMEINE VERWALTUNG,Gemeindearchiv,Unterhalt/Reorganisation,,,700,,,
3010,2011,2012,2013,ALLGEMEINE VERWALTUNG,Verwaltung Tiefbau,Besoldung Verwaltung,90600,,87500,,89884.65,
3011,2011,2012,2013,ALLGEMEINE VERWALTUNG,Verwaltung Tiefbau,Besoldung Werkhofangestellte (Team-Besprechnungen),1000,,1000,,1210.25,
303,2011,2012,2013,ALLGEMEINE VERWALTUNG,Verwaltung Tiefbau,Sozialversicherungsprämien,22330,,23000,,22852.65,
309,2011,2012,2013,ALLGEMEINE VERWALTUNG,Verwaltung Tiefbau,übriger Personalaufwand,3000,,,,7755.2,
310,2011,2012,2013,ALLGEMEINE VERWALTUNG,Verwaltung Tiefbau,Bürokosten inkl. Werkhof,3500,,3500,,3190.95,
3110,2011,2012,2013,ALLGEMEINE VERWALTUNG,Verwaltung Tiefbau,Neue PC Werkhof/Bauverwaltung,,,2000,,,
3111,2011,2012,2013,ALLGEMEINE VERWALTUNG,Verwaltung Tiefbau,Auto-/Natelentschädigung,2200,,2000,,2112.5,
3181,2011,2012,2013,ALLGEMEINE VERWALTUNG,Verwaltung Tiefbau,"Grundbuch-, Vermessungs- und Planungskosten",10000,,4000,,7174.75,
319,2011,2012,2013,ALLGEMEINE VERWALTUNG,Verwaltung Tiefbau,Verschiedene Ausgaben,500,,500,,572.45,
439,2011,2012,2013,ALLGEMEINE VERWALTUNG,Verwaltung Tiefbau,Verschiedene Einnahmen,,,,,,837
3000,2011,2012,2013,ALLGEMEINE VERWALTUNG,Verwaltung Hochbau,Besoldung ReferentIn,11000,,11000,,8100,
3010,2011,2012,2013,ALLGEMEINE VERWALTUNG,Verwaltung Hochbau,Besoldung Verwaltung,104500,,106700,,103630.9,
3011,2011,2012,2013,ALLGEMEINE VERWALTUNG,Verwaltung Hochbau,Besoldung Werkhofangestellte,900,,1000,,788.95,
3012,2011,2012,2013,ALLGEMEINE VERWALTUNG,Verwaltung Hochbau,Besoldung Baukommission,5000,,,,,
303,2011,2012,2013,ALLGEMEINE VERWALTUNG,Verwaltung Hochbau,Sozialversicherungsprämien,29600,,30000,,28411.25,
310,2011,2012,2013,ALLGEMEINE VERWALTUNG,Verwaltung Hochbau,Bürokosten,4500,,3000,,4442.1,
311,2011,2012,2013,ALLGEMEINE VERWALTUNG,Verwaltung Hochbau,Mobiliar,1000,,1000,,463.3,
3111,2011,2012,2013,ALLGEMEINE VERWALTUNG,Verwaltung Hochbau,Auto-/Natelentschädigung,2200,,2000,,2112.5,
3182,2011,2012,2013,ALLGEMEINE VERWALTUNG,Verwaltung Hochbau,"Grundbuch-, Vermessungs- und Planungskosten",2000,,2000,,600,
3090,2011,2012,2013,ALLGEMEINE VERWALTUNG,Allgemeiner Personalaufwand,Schulmaterial usw. Lehrlinge,1000,,7800,,4175.5,
3091,2011,2012,2013,ALLGEMEINE VERWALTUNG,Allgemeiner Personalaufwand,Gemeindeanteil Reka-Checks,9000,,7000,,9355,
4360,2011,2012,2013,ALLGEMEINE VERWALTUNG,Allgemeiner Personalaufwand,Besoldungsrückerstattungen (820.3191),,5600,,7000,,5493.35
3000,2011,2012,2013,ALLGEMEINE VERWALTUNG,Uebriger allgemeiner Aufwand,Besoldung ReferentIn für Wirtschaftsförderung,5500,,5500,,4000,
3010,2011,2012,2013,ALLGEMEINE VERWALTUNG,Uebriger allgemeiner Aufwand,"Besoldungen BfU, Gemeindeanlässe u.ä.",1100,,,,1029.05,
3011,2011,2012,2013,ALLGEMEINE VERWALTUNG,Uebriger allgemeiner Aufwand,Besoldg.Internet-Aktualisierg.,4800,,4000,,4942,
3013,2011,2012,2013,ALLGEMEINE VERWALTUNG,Uebriger allgemeiner Aufwand,Besoldungen SIBE,600,,2000,,4368.25,
303,2011,2012,2013,ALLGEMEINE VERWALTUNG,Uebriger allgemeiner Aufwand,Sozialversicherungsprämien,2940,,1500,,2659.15,
3090,2011,2012,2013,ALLGEMEINE VERWALTUNG,Uebriger allgemeiner Aufwand,Ausbildg. Arbeitssicherheit,,,1500,,935.05,
310,2011,2012,2013,ALLGEMEINE VERWALTUNG,Uebriger allgemeiner Aufwand,Fotokopien,18000,,20000,,19105.08,
317,2011,2012,2013,ALLGEMEINE VERWALTUNG,Uebriger allgemeiner Aufwand,Beitrag Agglomerationsprogramm,7000,,7000,,11473.4,
3171,2011,2012,2013,ALLGEMEINE VERWALTUNG,Uebriger allgemeiner Aufwand,Beitrag Regionaler Naturpark Schaffhausen,4000,,,,,
3180,2011,2012,2013,ALLGEMEINE VERWALTUNG,Uebriger allgemeiner Aufwand,"Internet-Auftritt, E-Mail: Sachaufwand",1000,,1000,,453.6,
3184,2011,2012,2013,ALLGEMEINE VERWALTUNG,Uebriger allgemeiner Aufwand,"Telefongebühren, Internet",8000,,9000,,7310.95,
3185,2011,2012,2013,ALLGEMEINE VERWALTUNG,Uebriger allgemeiner Aufwand,"Sachversicherungen (u.a. Haftpflicht, Vertrauensschaden)",10000,,10000,,9920,
3187,2011,2012,2013,ALLGEMEINE VERWALTUNG,Uebriger allgemeiner Aufwand,Förderpreis gesellsch. Integr.,1000,,1000,,1000,
319,2011,2012,2013,ALLGEMEINE VERWALTUNG,Uebriger allgemeiner Aufwand,Verschiedene Ausgaben,13000,,13000,,9506.9,
3191,2011,2012,2013,ALLGEMEINE VERWALTUNG,Uebriger allgemeiner Aufwand,"Gemeindeanlässe, Repräsentationskosten",12000,,10000,,18146.25,
3192,2011,2012,2013,ALLGEMEINE VERWALTUNG,Uebriger allgemeiner Aufwand,Beschaffg.Tageskarten Gemeinde,44000,,44000,,21461.65,
3195,2011,2012,2013,ALLGEMEINE VERWALTUNG,Uebriger allgemeiner Aufwand,Planungskosten Fusion Guntmadingen,10000,,25000,,17705.7,
4360,2011,2012,2013,ALLGEMEINE VERWALTUNG,Uebriger allgemeiner Aufwand,Rückerstattungen Fotokopien/Büromaterial,,20000,,20000,,25317.7
4361,2011,2012,2013,ALLGEMEINE VERWALTUNG,Uebriger allgemeiner Aufwand,"Rückvergütung Porti, Telefon, EDV-Benützung",,1800,,1800,,1800
4390,2011,2012,2013,ALLGEMEINE VERWALTUNG,Uebriger allgemeiner Aufwand,Rückerstattungen Tageskarten,,50000,,50000,,28305
3010,2011,2012,2013,ALLGEMEINE VERWALTUNG,Zentrum Zelg,Besoldung Reinigungspersonal,17000,,16000,,16426.4,
3011,2011,2012,2013,ALLGEMEINE VERWALTUNG,Zentrum Zelg,Umgebungsarbeiten Zentrum Zelg,2000,,2000,,1394.95,
3012,2011,2012,2013,ALLGEMEINE VERWALTUNG,Zentrum Zelg,"Werkhof: Organisation, Unterhalt, Service Fahrzeugen, ZSA usw.",107060,,60000,,68607.9,
303,2011,2012,2013,ALLGEMEINE VERWALTUNG,Zentrum Zelg,Sozialversicherungsprämien,30740,,19500,,21546.1,
3111,2011,2012,2013,ALLGEMEINE VERWALTUNG,Zentrum Zelg,Anschaffung Mobiliar/Maschinen,2000,,2000,,13498.9,
312,2011,2012,2013,ALLGEMEINE VERWALTUNG,Zentrum Zelg,"Heizung, Strom, Wasser, Reinigung (ohne Feuerw.)",40000,,40000,,35450.65,
3120,2011,2012,2013,ALLGEMEINE VERWALTUNG,Zentrum Zelg,Anschlussgebühr Wärmeverbund,50000,,50000,,,
3121,2011,2012,2013,ALLGEMEINE VERWALTUNG,Zentrum Zelg,Reinig. ZSA für nichtmilitärische Zwecke,,,1000,,,
3140,2011,2012,2013,ALLGEMEINE VERWALTUNG,Zentrum Zelg,Unterhalt Gebäude inkl. Zivilschutzanlage. Ohne Feuerwehrmagazin,10000,,6000,,23181.5,
3141,2011,2012,2013,ALLGEMEINE VERWALTUNG,Zentrum Zelg,Machbarkeitsstudie Heizung,,,,,6685.65,
3142,2011,2012,2013,ALLGEMEINE VERWALTUNG,Zentrum Zelg,Sachaufwand Werkhof,8000,,10000,,5411.3,
3143,2011,2012,2013,ALLGEMEINE VERWALTUNG,Zentrum Zelg,Anteil gemeinsame Kosten Zentrum Zelg,8000,,10000,,6656.8,
3144,2011,2012,2013,ALLGEMEINE VERWALTUNG,Zentrum Zelg,"Feuerwehrmagazin: Unterhalt, Strom, Reinig. Versicherg. Wasserbezug ab Hydranten",20000,,20000,,18886.7,
3150,2011,2012,2013,ALLGEMEINE VERWALTUNG,Zentrum Zelg,Wartungsverträge Soft-Ware EDV,3000,,1600,,1604.9,
3152,2011,2012,2013,ALLGEMEINE VERWALTUNG,Zentrum Zelg,"EDV-Support, Hot-Line-Services",10000,,10000,,9065.6,
3153,2011,2012,2013,ALLGEMEINE VERWALTUNG,Zentrum Zelg,mechanischer Unterhalt EDV und div. Mobilar,5000,,10000,,6230.8,
3154,2011,2012,2013,ALLGEMEINE VERWALTUNG,Zentrum Zelg,Gebühren für Anschluss an Rechenzentrum Ruf AG,60000,,60000,,61628,
3155,2011,2012,2013,ALLGEMEINE VERWALTUNG,Zentrum Zelg,Anschluss und Betrieb Steuerprogramm NEST,55000,,55000,,52470.5,
3185,2011,2012,2013,ALLGEMEINE VERWALTUNG,Zentrum Zelg,Sachversicherungen,6000,,5300,,5454.5,
3800,2011,2012,2013,ALLGEMEINE VERWALTUNG,Zentrum Zelg,Einlage in Rückstellungen an Stelle von Wartungsverträgen,,,5000,,,
3900,2011,2012,2013,ALLGEMEINE VERWALTUNG,Zentrum Zelg,Abschreibungen Investitionen Verwaltung/Werkhof,113300,,55200,,,
3905,2011,2012,2013,ALLGEMEINE VERWALTUNG,Zentrum Zelg,Schuldzinsen invest. Kapital,53100,,10600,,,
4341,2011,2012,2013,ALLGEMEINE VERWALTUNG,Zentrum Zelg,Miete für Feuerwehrmagazin,,36700,,36700,,36685
439,2011,2012,2013,ALLGEMEINE VERWALTUNG,Zentrum Zelg,Verschiedene Einnahmen/Uebernachtungen ZSA,,1000,,1000,,770
4900,2011,2012,2013,ALLGEMEINE VERWALTUNG,Zentrum Zelg,Interne Verrechnung Arbeitsplätze Reg. Sozialamt (589.3900),,,,12000,,16150
301,2011,2012,2013,OEFFENTLICHE SICHERHEIT,Einwohnerkontrolle,Besoldungen,67000,,67000,,75512.6,
303,2011,2012,2013,OEFFENTLICHE SICHERHEIT,Einwohnerkontrolle,Sozialversicherungsprämien,16330,,17000,,18918.1,
309,2011,2012,2013,OEFFENTLICHE SICHERHEIT,Einwohnerkontrolle,übriger Personalaufwand,500,,1000,,30,
3100,2011,2012,2013,OEFFENTLICHE SICHERHEIT,Einwohnerkontrolle,Bürokosten,1000,,2000,,1897.4,
3102,2011,2012,2013,OEFFENTLICHE SICHERHEIT,Einwohnerkontrolle,Ausstellung ID-Karten,,,9000,,8498.7,
342,2011,2012,2013,OEFFENTLICHE SICHERHEIT,Einwohnerkontrolle,Gebührenanteil Kanton für Ausweise von Ausländern,15000,,15000,,14027.45,
431,2011,2012,2013,OEFFENTLICHE SICHERHEIT,Einwohnerkontrolle,Gebühren,,30000,,40000,,40195.75
3010,2011,2012,2013,OEFFENTLICHE SICHERHEIT,Vormundschafts- und Erbschaftsbehörde,Besoldungen,30000,,65000,,65000,
303,2011,2012,2013,OEFFENTLICHE SICHERHEIT,Vormundschafts- und Erbschaftsbehörde,Sozialversicherungsprämien,7320,,16200,,16412.5,
310,2011,2012,2013,OEFFENTLICHE SICHERHEIT,Vormundschafts- und Erbschaftsbehörde,Bürokosten,1000,,1100,,1088.9,
3181,2011,2012,2013,OEFFENTLICHE SICHERHEIT,Vormundschafts- und Erbschaftsbehörde,Berufsbeistandschaften,60000,,20000,,,
319,2011,2012,2013,OEFFENTLICHE SICHERHEIT,Vormundschafts- und Erbschaftsbehörde,"Verschiedene Ausgaben (Familienscheine, Beistandschafts-, Pflegekinderwesen-Entsch. usw.",20000,,15000,,9780.6,
3191,2011,2012,2013,OEFFENTLICHE SICHERHEIT,Vormundschafts- und Erbschaftsbehörde,Schulung/Rekrutierung privater vormundsch. Mandatsträger,,,1500,,,
3650,2011,2012,2013,OEFFENTLICHE SICHERHEIT,Vormundschafts- und Erbschaftsbehörde,Div. Kosten im Zusammenhang mit vormundsch. Anordnungen,,,500,,2545.7,
431,2011,2012,2013,OEFFENTLICHE SICHERHEIT,Vormundschafts- und Erbschaftsbehörde,Gebühren,,65000,,66000,,83470.45
4360,2011,2012,2013,OEFFENTLICHE SICHERHEIT,Vormundschafts- und Erbschaftsbehörde,Rückerstattungen im Zusammenhang mit vormundsch. Anordnungen,,,,,,
4390,2011,2012,2013,OEFFENTLICHE SICHERHEIT,Vormundschafts- und Erbschaftsbehörde,"Rückerstattung Familienscheine, div. Auslagen",,6500,,6600,,6499.9
451,2011,2012,2013,OEFFENTLICHE SICHERHEIT,Vormundschafts- und Erbschaftsbehörde,Einzugsprovisionen,,400,,400,,457.55
3510,2011,2012,2013,OEFFENTLICHE SICHERHEIT,Polizei,Beitrag an Kapo gemäss Art. 29 Polizeiorganisationsgesetz,32000,,32000,,31553,
4100,2011,2012,2013,OEFFENTLICHE SICHERHEIT,Polizei,Gebühren für Plakatanschlag,,3100,,3100,,3095.75
4310,2011,2012,2013,OEFFENTLICHE SICHERHEIT,Polizei,Gebühren (Verlängerung Polizeistunde und dergleichen),,2000,,2500,,1925
434,2011,2012,2013,OEFFENTLICHE SICHERHEIT,Polizei,Gebühren für die Benützung des öffentlichen Grundes,,1500,,2000,,1260
437,2011,2012,2013,OEFFENTLICHE SICHERHEIT,Polizei,Bussen,,,,,,698.2
3000,2011,2012,2013,OEFFENTLICHE SICHERHEIT,"WVO, Wehrdienstverband Oberklettgau",Besoldung ReferentIn,3100,,3200,,2300,
303,2011,2012,2013,OEFFENTLICHE SICHERHEIT,"WVO, Wehrdienstverband Oberklettgau",Sozialversicherungsprämien,760,,800,,580.75,
3520,2011,2012,2013,OEFFENTLICHE SICHERHEIT,"WVO, Wehrdienstverband Oberklettgau",Beitrag an Wehrdienstverband Oberklettgau,315500,,242304,,252559.21,
3900,2011,2012,2013,OEFFENTLICHE SICHERHEIT,"WVO, Wehrdienstverband Oberklettgau",Abschreibung TLF/Fahrzeuge,6600,,17300,,29753.9,
3905,2011,2012,2013,OEFFENTLICHE SICHERHEIT,"WVO, Wehrdienstverband Oberklettgau",Schuldzinsen invest. Kapital,1800,,2200,,3100,
430,2011,2012,2013,OEFFENTLICHE SICHERHEIT,"WVO, Wehrdienstverband Oberklettgau",Wehrdienst-Pflichtersatz,,215000,,192000,,193030.85
4360,2011,2012,2013,OEFFENTLICHE SICHERHEIT,"WVO, Wehrdienstverband Oberklettgau",Rückerstattung von Wehrd. Verband Abschreibung TLF,,,,11000,,21600
3010,2011,2012,2013,OEFFENTLICHE SICHERHEIT,Bau- und Feuerpolizei,Besoldung Feuerpolizei,8000,,8000,,8500,
3011,2011,2012,2013,OEFFENTLICHE SICHERHEIT,Bau- und Feuerpolizei,Besoldung Baupolizei,12000,,12000,,12500,
303,2011,2012,2013,OEFFENTLICHE SICHERHEIT,Bau- und Feuerpolizei,Sozialversicherungsprämien,4880,,5000,,5302.5,
310,2011,2012,2013,OEFFENTLICHE SICHERHEIT,Bau- und Feuerpolizei,Ausschreibungen/Expertisen,10000,,10000,,8102.6,
318,2011,2012,2013,OEFFENTLICHE SICHERHEIT,Bau- und Feuerpolizei,Brandschutzkontrollen durch Dritte,10000,,20000,,4156.4,
4310,2011,2012,2013,OEFFENTLICHE SICHERHEIT,Bau- und Feuerpolizei,Gebühren,,75000,,75000,,80614.5
437,2011,2012,2013,OEFFENTLICHE SICHERHEIT,Bau- und Feuerpolizei,Bussen,,1000,,1000,,2250
461,2011,2012,2013,OEFFENTLICHE SICHERHEIT,Bau- und Feuerpolizei,Kantonsbeiträge,,2000,,10000,,1613.8
314,2011,2012,2013,OEFFENTLICHE SICHERHEIT,Militär,Unterhalt Schiessanlage,200,,200,,200,
3185,2011,2012,2013,OEFFENTLICHE SICHERHEIT,Militär,Sachversicherungen,1200,,1350,,1197,
3120,2011,2012,2013,OEFFENTLICHE SICHERHEIT,Zivilschutzanlage Zelg,Stromkosten,2000,,2000,,2892.1,
3121,2011,2012,2013,OEFFENTLICHE SICHERHEIT,Zivilschutzanlage Zelg,Wasserbezug/Kanalisation,1000,,1000,,494.5,
461,2011,2012,2013,OEFFENTLICHE SICHERHEIT,Zivilschutzanlage Zelg,Kantonsbeiträge,,2400,,2400,,2350
3010,2011,2012,2013,BILDUNG,Besoldung Pedellinnen,Besoldung Pedellinnen,15700,,18500,,15137.35,
3011,2011,2012,2013,BILDUNG,Besoldung Unterhalt Gebäude/,Besoldung Unterhalt Gebäude/Anlagen,5800,,5000,,5369.05,
3020,2011,2012,2013,BILDUNG,Besoldungsanteile Lehrkräfte,Besoldungsanteile Lehrkräfte,232300,,197100,,186476.2,
3022,2011,2012,2013,BILDUNG,Stellvertretungen Lehrkräfte,Stellvertretungen Lehrkräfte,,,,,675.45,
3024,2011,2012,2013,BILDUNG,Besoldung Schulleitung,Besoldung Schulleitung,13100,,10500,,9442.1,
303,2011,2012,2013,BILDUNG,Sozialversicherungsprämien,Sozialversicherungsprämien Lehrkräfte,54140,,47600,,38428.2,
3030,2011,2012,2013,BILDUNG,Sozialversicherungsprämien,Sozialversicherungsprämien Pendellinnen/Auamtsangestellte,5250,,5700,,9710.85,
310,2011,2012,2013,BILDUNG,"Lehrmittel, Material","Lehrmittel, Material",14100,,9450,,10251.4,
3104,2011,2012,2013,BILDUNG,Fotokopien,Fotokopien,1000,,1000,,1423.45,
311,2011,2012,2013,BILDUNG,"Anschaffung, Unterhalt von","Anschaffung, Unterhalt von Mobilar, Sammungen/Geräte",10700,,1000,,778.5,
3120,2011,2012,2013,BILDUNG,Heizung,Heizung,5000,,5000,,7780.5,
3121,2011,2012,2013,BILDUNG,Stromkosten,Stromkosten,2200,,2100,,2212.55,
3122,2011,2012,2013,BILDUNG,"Wasser, Kanalisation, Kehricht","Wasser, Kanalisation, Kehricht",1000,,1500,,837,
313,2011,2012,2013,BILDUNG,Reinigungsmaterial,Reinigungsmaterial,1800,,1800,,2288.2,
314,2011,2012,2013,BILDUNG,Unterhalt der Gebäude und,Unterhalt der Gebäude und Anlagen,10000,,10000,,2449.2,
3184,2011,2012,2013,BILDUNG,Telefon,Telefon,1600,,1500,,1441.95,
3185,2011,2012,2013,BILDUNG,Sachversicherungen,Sachversicherungen,2000,,1900,,2016.65,
3186,2011,2012,2013,BILDUNG,Schülerversicherungen,Schülerversicherungen,400,,400,,365.85,
3520,2011,2012,2013,BILDUNG,Beiträge an andere Gemeinden,Beiträge an andere Gemeinden,10800,,,,,
3900,2011,2012,2013,BILDUNG,Abschreibg. Neubau Kindergarten,Abschreibg. Neubau Kindergarten,18000,,,,,
3905,2011,2012,2013,BILDUNG,Schuldzinsen invest. Kapital,Schuldzinsen invest. Kapital,5000,,,,,
3020,2011,2012,2013,BILDUNG,Primarschule,Besoldungsanteile Lehrkräfte,1271900,,1316400,,1149256.75,
3022,2011,2012,2013,BILDUNG,Primarschule,Stellvertretungen Lehrkräfte,20000,,20000,,16086.3,
3024,2011,2012,2013,BILDUNG,Primarschule,Besoldung Schulleitung,69800,,55000,,49735.85,
3030,2011,2012,2013,BILDUNG,Primarschule,Sozialversicherungsprämien,319010,,327500,,281956.1,
310,2011,2012,2013,BILDUNG,Primarschule,"Lehrmittel, Material",46500,,52810,,45852.15,
3101,2011,2012,2013,BILDUNG,Primarschule,"Lehrmittel, Material Werken Textil",13400,,14090,,10421.45,
3102,2011,2012,2013,BILDUNG,Primarschule,Mehrausgaben Werken Textil (Rückerst. Auf 210.4360),2000,,2000,,,
3103,2011,2012,2013,BILDUNG,Primarschule,"Lehrmittel, Material Werken NICHT Textil",6800,,,,2070.95,
311,2011,2012,2013,BILDUNG,Primarschule,"Unterhalt Sammlungen, Mobiliar Geräte",9800,,9950,,8461.6,
3110,2011,2012,2013,BILDUNG,Primarschule,"Unterhalt Mobiliar/Geräte, Werken Textil",,,5150,,1665.7,
311.1,2011,2012,2013,BILDUNG,Primarschule,Informatik-Unterricht: Anlagen Unterhalt/Betrieb,19600,,15100,,46215.55,
3171,2011,2012,2013,BILDUNG,Primarschule,Fahrkosten für Schulbesuch (auswärtig. beschwerlich),,,4000,,2080,
433,2011,2012,2013,BILDUNG,Primarschule,Elternbeiträge Aufgabenhilfe,,1500,,,,1920
4360,2011,2012,2013,BILDUNG,Primarschule,Rückerstattung Materialkosten,,2000,,2000,,258.5
452,2011,2012,2013,BILDUNG,Primarschule,Beiträge anderer Gemeinden für deren Schüler in Beringen,,,,60000,,95411.55
3020,2011,2012,2013,BILDUNG,Orientierungsschule,Besoldungsanteile Lehrkräfte,1216000,,1137700,,1139059.5,
3022,2011,2012,2013,BILDUNG,Orientierungsschule,Stellvertretungen Lehrkräfte,20000,,,,30717,
3024,2011,2012,2013,BILDUNG,Orientierungsschule,Besoldung Schulleitung,55200,,44000,,38851.15,
303,2011,2012,2013,BILDUNG,Orientierungsschule,Sozialversicherungsprämien,302930,,283900,,291802.8,
310,2011,2012,2013,BILDUNG,Orientierungsschule,"Lehrmittel, Material",39600,,52715,,53653.05,
3101,2011,2012,2013,BILDUNG,Orientierungsschule,"Lehrmittel, Material Werken Textil",7800,,9660,,8588.05,
3101.1,2011,2012,2013,BILDUNG,Orientierungsschule,Mehrausgaben Werken Textil (Rückerst. Auf 210.4360),2000,,2000,,1886.6,
3102,2011,2012,2013,BILDUNG,Orientierungsschule,"Lehrmittel, Material Kochschule",23600,,30800,,25263.65,
3103,2011,2012,2013,BILDUNG,Orientierungsschule,"Lehrmittel, Material Werken NICHT Textil",13900,,,,5078.6,
311,2011,2012,2013,BILDUNG,Orientierungsschule,"Unterhalt Sammlungen, Mobiliar Geräte",8400,,16700,,15938.4,
311,2011,2012,2013,BILDUNG,Orientierungsschule,Unterhalt Geräte Kochschule,4900,,4520,,1566.1,
311.01,2011,2012,2013,BILDUNG,Orientierungsschule,Unterhalt Geräte Werken Textil,3000,,11020,,6420.95,
311.1,2011,2012,2013,BILDUNG,Orientierungsschule,Informatik-Unterricht: Anlagen Unterhalt/Betrieb,12500,,11000,,11912.25,
3140,2011,2012,2013,BILDUNG,Orientierungsschule,Unterhalt Schulküche,2000,,200,,699,
3170,2011,2012,2013,BILDUNG,Orientierungsschule,Reiseentschädigungen,500,,500,,500,
3520,2011,2012,2013,BILDUNG,Orientierungsschule,Beiträge an andere Gemeinden (ab 2008 inkl. Werkklasse),38000,,36000,,41025,
4360,2011,2012,2013,BILDUNG,Orientierungsschule,Rückerstattung Mehrausgaben Werken Textil (212.3101.1),,2000,,2000,,1886.6
452,2011,2012,2013,BILDUNG,Orientierungsschule,Beiträge anderer Gemeinden für deren Schüler in Beringen,,400000,,500000,,475353.9
352,2011,2012,2013,BILDUNG,Musikschule,Gemeindebeiträge an Musikschulen,70000,,70000,,61914.55,
300,2011,2012,2013,BILDUNG,Allgemeines Erziehungswesen,Sitzungs- und Taggelder Besoldung Schulbehörde usw.,50000,,50000,,47784,
3000,2011,2012,2013,BILDUNG,Allgemeines Erziehungswesen,Besoldung ReferentIn,4800,,4800,,3500,
3002,2011,2012,2013,BILDUNG,Allgemeines Erziehungswesen,Besoldung Schulsozialarbeit,74900,,,,,
3010,2011,2012,2013,BILDUNG,Allgemeines Erziehungswesen,Besoldung Verwaltung inkl. Nebenämter Schule,32900,,28400,,32228,
3011,2011,2012,2013,BILDUNG,Allgemeines Erziehungswesen,Besoldung Pedell und Reinigungspersonal,211400,,195000,,187056.85,
3012,2011,2012,2013,BILDUNG,Allgemeines Erziehungswesen,Besoldung Unterhalt Gebäude und Anlagen,30000,,30000,,24070.4,
303,2011,2012,2013,BILDUNG,Allgemeines Erziehungswesen,Sozialversicherungsprämien,98480,,75000,,66158.8,
3090,2011,2012,2013,BILDUNG,Allgemeines Erziehungswesen,übriger Personalaufwand,1000,,,,342.35,
3101,2011,2012,2013,BILDUNG,Allgemeines Erziehungswesen,"Drucksachen, Publikat., Porti",500,,3500,,8202.4,
3102,2011,2012,2013,BILDUNG,Allgemeines Erziehungswesen,Lehrerbibliothek,5200,,4480,,2655.7,
3103,2011,2012,2013,BILDUNG,Allgemeines Erziehungswesen,Schülerbibliothek,1300,,2000,,1995.45,
3104,2011,2012,2013,BILDUNG,Allgemeines Erziehungswesen,Fotokopien,22000,,24000,,19393.85,
3105,2011,2012,2013,BILDUNG,Allgemeines Erziehungswesen,Verbrauchsmaterial Turnhallen,3000,,3000,,2466.05,
3106,2011,2012,2013,BILDUNG,Allgemeines Erziehungswesen,Sachaufwand Schulleitung,24300,,18200,,7144.8,
3107,2011,2012,2013,BILDUNG,Allgemeines Erziehungswesen,Sachaufwand Schulsozialarbeit,3000,,,,,
3110,2011,2012,2013,BILDUNG,Allgemeines Erziehungswesen,allgemeines Schulmobiliar,2000,,2000,,14775.4,
3111,2011,2012,2013,BILDUNG,Allgemeines Erziehungswesen,Mobiliar Turnhallen (Anschaffungen/Unterhalt Geräte),4600,,4600,,6956.05,
3120,2011,2012,2013,BILDUNG,Allgemeines Erziehungswesen,Heizung,30000,,50000,,4003.15,
3121,2011,2012,2013,BILDUNG,Allgemeines Erziehungswesen,Stromkosten,28000,,28000,,28358.4,
3122,2011,2012,2013,BILDUNG,Allgemeines Erziehungswesen,Wasserzins,6000,,6000,,4909.8,
313,2011,2012,2013,BILDUNG,Allgemeines Erziehungswesen,Reinigungsgeräte und Material,20000,,20000,,20818.9,
314.1,2011,2012,2013,BILDUNG,Allgemeines Erziehungswesen,Unterhalt der Anlagen,20000,,20000,,4496.7,
314.11,2011,2012,2013,BILDUNG,Allgemeines Erziehungswesen,Unterhalt der Gebäude (ordentlicher Unterhalt),96000,,96000,,90607.8,
314.16,2011,2012,2013,BILDUNG,Allgemeines Erziehungswesen,Ersatz Schliessanlage,32000,,,,,
3163,2011,2012,2013,BILDUNG,Allgemeines Erziehungswesen,Miete Schulzimmer im alten Schulhaus (Schulberg 2),14000,,9200,,13680,
3170,2011,2012,2013,BILDUNG,Allgemeines Erziehungswesen,Beiträge an Skilager,11100,,10500,,10740,
3171,2011,2012,2013,BILDUNG,Allgemeines Erziehungswesen,"Schullager, Exkursionen (ohne Skilager)",25500,,44465,,29862.35,
3172,2011,2012,2013,BILDUNG,Allgemeines Erziehungswesen,Eintr. Kunsteisbahn/Hallenbad,2100,,2100,,2344.9,
3173,2011,2012,2013,BILDUNG,Allgemeines Erziehungswesen,Schulbus Guntmadingen,23000,,,,,
3180,2011,2012,2013,BILDUNG,Allgemeines Erziehungswesen,Kanalisations-/Kehrichtgeb.,9000,,9000,,8920.45,
3181,2011,2012,2013,BILDUNG,Allgemeines Erziehungswesen,TAGS-Kosten,,,,,8189.4,
3182,2011,2012,2013,BILDUNG,Allgemeines Erziehungswesen,"Schulveranstaltungen, Jahresabschlussveranstaltungen",7100,,7000,,7057.9,
3183,2011,2012,2013,BILDUNG,Allgemeines Erziehungswesen,Schülerveranstaltungen,15100,,22050,,10907.8,
3184,2011,2012,2013,BILDUNG,Allgemeines Erziehungswesen,Telefon/Internetverbindungen ,6000,,6000,,4698.7,
3185,2011,2012,2013,BILDUNG,Allgemeines Erziehungswesen,Sachversicherungen,22500,,22000,,22862.8,
3186,2011,2012,2013,BILDUNG,Allgemeines Erziehungswesen,Schülerversicherungen,2600,,2500,,2534.4,
319,2011,2012,2013,BILDUNG,Allgemeines Erziehungswesen,Verschiedene Ausgaben,3000,,38500,,942.4,
351,2011,2012,2013,BILDUNG,Allgemeines Erziehungswesen,Beiträge an Kanton für Lohnaufbereitung Schule,8000,,8000,,7060,
380,2011,2012,2013,BILDUNG,Allgemeines Erziehungswesen,Einlagen in Rückstellungen und Fonds (17.4620),,,,,500000,
3900,2011,2012,2013,BILDUNG,Allgemeines Erziehungswesen,Abschreibung Schulhaus-Neubauten,214700,,197700,,48870.3,
3905,2011,2012,2013,BILDUNG,Allgemeines Erziehungswesen,Schuldzinsen invest. Kapital,128200,,112900,,13400,
434,2011,2012,2013,BILDUNG,Allgemeines Erziehungswesen,Benützungsgebühren Zimmerberganlagen,,9000,,9000,,8766.5
4360,2011,2012,2013,BILDUNG,Allgemeines Erziehungswesen,Besoldungsrückerstattungen,,,,,,16050
4361,2011,2012,2013,BILDUNG,Allgemeines Erziehungswesen,Uebrige Kostenrückerstattungen,,1000,,,,1160
4364,2011,2012,2013,BILDUNG,Allgemeines Erziehungswesen,Rückerstattungen Fotokopien,,150,,200,,168.85
437,2011,2012,2013,BILDUNG,Allgemeines Erziehungswesen,Schulbussen,,150,,200,,
439,2011,2012,2013,BILDUNG,Allgemeines Erziehungswesen,Verschiedene Einnahmen,,500,,,,661.5
452,2011,2012,2013,BILDUNG,Allgemeines Erziehungswesen,Beiträge anderer Gemeinden für deren Schüler in Beringen,,70000,,100000,,100356.15
4610,2011,2012,2013,BILDUNG,Allgemeines Erziehungswesen,Rückerstattg. TAGS-Kosten durch Kanton,,,,7000,,7000
480,2011,2012,2013,BILDUNG,Allgemeines Erziehungswesen,"Entnahme aus Fonds und Rückstellungen (Kti. 03.362, 31.362, 17.3620)",,2120,,1650,,3259.4
362,2011,2012,2013,BILDUNG,Sonderschulung,Beiträge an Sonderschulung,98000,,90000,,95517.5,
301,2011,2012,2013,BILDUNG,"Beiträge an freiwilligen Unterrricht, Berufs- und Erwachsenenbildung",Besoldungen,4000,,4000,,3966,
303,2011,2012,2013,BILDUNG,"Beiträge an freiwilligen Unterrricht, Berufs- und Erwachsenenbildung",Sozialversicherungsprämien,980,,500,,456.55,
365,2011,2012,2013,BILDUNG,"Beiträge an freiwilligen Unterrricht, Berufs- und Erwachsenenbildung",Beiträge an div. Institutionen,500,,500,,500,
433,2011,2012,2013,BILDUNG,"Beiträge an freiwilligen Unterrricht, Berufs- und Erwachsenenbildung",Kursgelder,,4500,,4500,,4405
462,2011,2012,2013,BILDUNG,"Beiträge an freiwilligen Unterrricht, Berufs- und Erwachsenenbildung",Zuweisung von Kto. 309.3620,,500,,500,,517.55
3011,2011,2012,2013,KULTUR UND FREIZEIT,Ortsmuseum,Besoldung Unterhalt Gebäude,4000,,,,45.75,
303,2011,2012,2013,KULTUR UND FREIZEIT,Ortsmuseum,Sozialversicherungsprämien,980,,,,,
316,2011,2012,2013,KULTUR UND FREIZEIT,Ortsmuseum,Mietkosten,23600,,23600,,21800,
3651,2011,2012,2013,KULTUR UND FREIZEIT,Ortsmuseum,Beitrag für Unterhalt der Gebäude/Anlagen/Telefon,10000,,14500,,10106.1,
3652,2011,2012,2013,KULTUR UND FREIZEIT,Ortsmuseum,Betriebsbeitr an Museumsverein,14000,,14000,,14000,
3000,2011,2012,2013,KULTUR UND FREIZEIT,Dorfkultur,Besoldung ReferentIn,1500,,1600,,1200,
3011,2011,2012,2013,KULTUR UND FREIZEIT,Dorfkultur,Besoldungen,15000,,7000,,13805.6,
303,2011,2012,2013,KULTUR UND FREIZEIT,Dorfkultur,Sozialversicherungsprämien,4030,,2200,,3773,
3110,2011,2012,2013,KULTUR UND FREIZEIT,Dorfkultur,Beschaffung/Unterhalt Festbestuhlung,,,7500,,,
3620,2011,2012,2013,KULTUR UND FREIZEIT,Dorfkultur,Beitrag an freiw. Unterricht (Kto. 293.462),500,,500,,517.55,
365.1,2011,2012,2013,KULTUR UND FREIZEIT,Dorfkultur,Ortsvereine,25000,,12000,,9201.15,
365.1,2011,2012,2013,KULTUR UND FREIZEIT,Dorfkultur,Beiträge für Jugendbetreuung und -Förderung,15000,,15000,,11604.7,
365.11,2011,2012,2013,KULTUR UND FREIZEIT,Dorfkultur,Beitrag an Schützenverein Beringen Sanierung Kugelfang,18000,,,,,
365.2,2011,2012,2013,KULTUR UND FREIZEIT,Dorfkultur,Beiträge an Parteien,500,,1800,,1330.35,
365.3,2011,2012,2013,KULTUR UND FREIZEIT,Dorfkultur,Verschiedene Institutionen,1000,,1000,,810,
365.4,2011,2012,2013,KULTUR UND FREIZEIT,Dorfkultur,Beiträge Jugendarbeit / -treff,6000,,6000,,3694.85,
365.41,2011,2012,2013,KULTUR UND FREIZEIT,Dorfkultur,Beiträge an Ludothek,4200,,4200,,4202,
365.42,2011,2012,2013,KULTUR UND FREIZEIT,Dorfkultur,Beiträge an Spielgruppe,6000,,6000,,5978,
365.43,2011,2012,2013,KULTUR UND FREIZEIT,Dorfkultur,Baurechtszins Tennisclub,2800,,2800,,2820.55,
365.6,2011,2012,2013,KULTUR UND FREIZEIT,Dorfkultur,"Pfadihütte: Baurechts- und Wasszins, Beiträge",4400,,4400,,4341.55,
4351,2011,2012,2013,KULTUR UND FREIZEIT,Dorfkultur,Verkauf Beringer Fahnen,,,,1000,,
3120,2011,2012,2013,KULTUR UND FREIZEIT,Aufwand und Rückerstattungen,Wasserbezug f. Fussballplätze,5000,,5000,,4790.35,
3650,2011,2012,2013,KULTUR UND FREIZEIT,Aufwand und Rückerstattungen,Zins Darlehen Garderobengeb.,1600,,2100,,2736.25,
3651,2011,2012,2013,KULTUR UND FREIZEIT,Aufwand und Rückerstattungen,Baurechtszins Fussballplätze und Garderobengebäude,8000,,8000,,8000,
3652,2011,2012,2013,KULTUR UND FREIZEIT,Aufwand und Rückerstattungen,Pauschaler Unterstützungsbeitrag an FC Beringen,20000,,20000,,20000,
3900,2011,2012,2013,KULTUR UND FREIZEIT,Aufwand und Rückerstattungen,Amortis. Darlehen Garderobeng.,21500,,21500,,21500,
4360,2011,2012,2013,KULTUR UND FREIZEIT,Aufwand und Rückerstattungen,Rückerstattungen,,5000,,5000,,4790.35
301,2011,2012,2013,KULTUR UND FREIZEIT,Oeffentl. Plätze und Anlagen,Besoldungen (Unterhalt),22560,,25000,,24724.5,
303,2011,2012,2013,KULTUR UND FREIZEIT,Oeffentl. Plätze und Anlagen,Sozialversicherungsprämien,5500,,6500,,5677.8,
3130,2011,2012,2013,KULTUR UND FREIZEIT,Oeffentl. Plätze und Anlagen,"Unterhalt, Entsorgungskosten",18000,,18000,,13452.35,
3142,2011,2012,2013,KULTUR UND FREIZEIT,Oeffentl. Plätze und Anlagen,Unterhalt Bäume und Hecken,1000,,1000,,,
436,2011,2012,2013,KULTUR UND FREIZEIT,Oeffentl. Plätze und Anlagen,Rückerstattungen/Entschädigungen,,,,200,,350
301,2011,2012,2013,KULTUR UND FREIZEIT,Schwimmbad,"Besoldungen Schwimmbadbetrieb (Bademeister, Bauamt/Verw.)",82600,,92500,,79427.85,
303,2011,2012,2013,KULTUR UND FREIZEIT,Schwimmbad,Sozialversicherungsprämien,20130,,23500,,19779.95,
309,2011,2012,2013,KULTUR UND FREIZEIT,Schwimmbad,übriger Personalaufwand,500,,500,,380,
310,2011,2012,2013,KULTUR UND FREIZEIT,Schwimmbad,"Bürokosten, Porti",2000,,2000,,1803.4,
311,2011,2012,2013,KULTUR UND FREIZEIT,Schwimmbad,Anschaffung/Unterhalt Mobiliar,3000,,5000,,1529.75,
3111,2011,2012,2013,KULTUR UND FREIZEIT,Schwimmbad,"Anschaffung Laptop, Drucker, Einbindung für Homepage",,,,,,
3120,2011,2012,2013,KULTUR UND FREIZEIT,Schwimmbad,Stromkosten,8400,,8400,,8628.75,
3121,2011,2012,2013,KULTUR UND FREIZEIT,Schwimmbad,Wasserzins,22000,,25000,,21551.65,
313,2011,2012,2013,KULTUR UND FREIZEIT,Schwimmbad,"Reinigungsmaterial, -Geräte und Chemikalien",12500,,13000,,12153.5,
314,2011,2012,2013,KULTUR UND FREIZEIT,Schwimmbad,Unterhalt Gebäude und Anlagen,20000,,20000,,21590.15,
3180,2011,2012,2013,KULTUR UND FREIZEIT,Schwimmbad,Kanalisation/Kehricht,33000,,34000,,32892.5,
3184,2011,2012,2013,KULTUR UND FREIZEIT,Schwimmbad,Telefon,800,,800,,996.8,
3185,2011,2012,2013,KULTUR UND FREIZEIT,Schwimmbad,Sachversicherungen,1000,,1000,,1021,
319,2011,2012,2013,KULTUR UND FREIZEIT,Schwimmbad,Verschiedene Ausgaben,1000,,1000,,897.9,
365,2011,2012,2013,KULTUR UND FREIZEIT,Schwimmbad,Einzugsprovision Eintr.-Bill.,2000,,2100,,1833.3,
3900,2011,2012,2013,KULTUR UND FREIZEIT,Schwimmbad,Abschreibungen Investitionsrechnung,40200,,24300,,50630.8,
3905,2011,2012,2013,KULTUR UND FREIZEIT,Schwimmbad,Schuldzinsen invest. Kapital,27700,,14900,,1500,
434,2011,2012,2013,KULTUR UND FREIZEIT,Schwimmbad,Eintrittsgelder,,34000,,35000,,30513
4360,2011,2012,2013,KULTUR UND FREIZEIT,Schwimmbad,Einnahmen Telefonbenützung/Standgebühr Wohnwagen,,150,,150,,100
4520,2011,2012,2013,KULTUR UND FREIZEIT,Schwimmbad,Rückerstattung von anderen Gemeinden (Mat. Chläggi-P.),,500,,500,,
3150,2011,2012,2013,KULTUR UND FREIZEIT,übrige Freizeitgestaltung,Unterhalt Spielgeräte/Sanierung Spielplätze,33000,,34000,,3220.4,
301,2011,2012,2013,KULTUR UND FREIZEIT,Kirche,Besoldungen Bauamt: Unterhalt,500,,3000,,400.2,
303,2011,2012,2013,KULTUR UND FREIZEIT,Kirche,Sozialversicherungsprämien,130,,750,,101.05,
314,2011,2012,2013,KULTUR UND FREIZEIT,Kirche,Unterhalt Gebäude und Anlagen,13000,,12000,,19802.95,
314.1,2011,2012,2013,KULTUR UND FREIZEIT,Kirche,Sachaufwand Kirchenanlagen Löhningen,1300,,,,,
3185,2011,2012,2013,KULTUR UND FREIZEIT,Kirche,Sachversicherungen,1200,,1200,,1210.65,
3900,2011,2012,2013,KULTUR UND FREIZEIT,Kirche,Abschreibungen Investitionsrg.,4400,,5600,,5479,
3905,2011,2012,2013,KULTUR UND FREIZEIT,Kirche,Schuldzinsen invest. Kapital,1200,,1600,,1500,
3180,2011,2012,2013,GESUNDHEIT,Wartegeld Hebamme,Wartegeld Hebamme,1500,,1000,,1265,
3640,2011,2012,2013,GESUNDHEIT,Beiträge an Leistungserbringer,Beiträge an Leistungserbringer Spitex Klettgau-Randen,270000,,237500,,246734,
3656,2011,2012,2013,GESUNDHEIT,Beiträge an Dritte für Spitex-,Beiträge an Dritte für Spitexleistungen KLV,10000,,,,6774.25,
3720,2011,2012,2013,GESUNDHEIT,Weiterleitung Anteil Anschlussgemeinden,Weiterleitung Anteil Anschlussgemeinden an Leistungserbringer,830000,,812500,,423266,
4610,2011,2012,2013,GESUNDHEIT,Rückerstattg. Kanton an SPITEX,Rückerstattg. Kanton an SPITEX alte Organisation bis 2010,,,,,,69976.5
4611,2011,2012,2013,GESUNDHEIT,Kantonsbeiträge Gesundheitskosten,Kantonsbeiträge Gesundheitskosten,,118000,,76000,,
4720,2011,2012,2013,GESUNDHEIT,Beiträge von Anschlussgemeinden an,Beiträge von Anschlussgemeinden an Spitex Region Klettgau,,830000,,812500,,423266
301,2011,2012,2013,SOZIALE WOHLFAHRT,Alters- und Hinterlassenenversicherung,Besoldungen,5500,,5400,,5300,
303,2011,2012,2013,SOZIALE WOHLFAHRT,Alters- und Hinterlassenenversicherung,Sozialversicherungsprämien,1350,,1350,,1338.25,
310,2011,2012,2013,SOZIALE WOHLFAHRT,Alters- und Hinterlassenenversicherung,Bürokosten,300,,300,,269,
451,2011,2012,2013,SOZIALE WOHLFAHRT,Alters- und Hinterlassenenversicherung,Kantonsbeiträge,,3000,,3000,,3135
3010,2011,2012,2013,SOZIALE WOHLFAHRT,Obligatorische Krankenversicherung - KVG,Besoldungen,5600,,5000,,5600,
3030,2011,2012,2013,SOZIALE WOHLFAHRT,Obligatorische Krankenversicherung - KVG,Sozialversicherungsprämien,1370,,1300,,1414,
3100,2011,2012,2013,SOZIALE WOHLFAHRT,Obligatorische Krankenversicherung - KVG,Bürokosten/Porti,500,,500,,500,
3660,2011,2012,2013,SOZIALE WOHLFAHRT,Obligatorische Krankenversicherung - KVG,Krankenversicherungsprämien (Bezahlung von Prämien durch die Gemeinde),145000,,125000,,101408.05,
3661,2011,2012,2013,SOZIALE WOHLFAHRT,Obligatorische Krankenversicherung - KVG,Beiträge zur Verbilligung von Krankenkassenprämien,584000,,680000,,703744.8,
4360,2011,2012,2013,SOZIALE WOHLFAHRT,Obligatorische Krankenversicherung - KVG,Rückerstattungen durch Kant. Sozialversicherungsamt,,130000,,110000,,72791
3520,2011,2012,2013,SOZIALE WOHLFAHRT,Arbeitslosenversicherung,Impuls-Taglohnprogramm,15000,,30000,,,
3610,2011,2012,2013,SOZIALE WOHLFAHRT,Arbeitslosenversicherung,Gemeindebeiträge an Arbeitslosenhilfe,32600,,32000,,32025.95,
3653,2011,2012,2013,SOZIALE WOHLFAHRT,Jugendschutz,Pro Juventute (Elternbriefe),1500,,1500,,1235,
3610,2011,2012,2013,SOZIALE WOHLFAHRT,Altersheime,Beiträge an Pflege- und Psych. Zentrum für Langzeitpatienten,6500,,6000,,6570,
3653,2011,2012,2013,SOZIALE WOHLFAHRT,Altersheime,Beitrag Gde. Beringen an Altersheime,300000,,300000,,264560,
4610,2011,2012,2013,SOZIALE WOHLFAHRT,Altersheime,Rückerstattung durch Kanton,,132280,,126200,,126226.5
301,2011,2012,2013,SOZIALE WOHLFAHRT,Arbeitsamt,Besoldungen,12200,,10000,,12000,
303,2011,2012,2013,SOZIALE WOHLFAHRT,Arbeitsamt,Sozialversicherungsprämien,2980,,2500,,3030,
310,2011,2012,2013,SOZIALE WOHLFAHRT,Arbeitsamt,Bürokosten,400,,400,,400,
310,2011,2012,2013,SOZIALE WOHLFAHRT,Alimentenbevorschussung,Bürokosten,500,,500,,500,
3660,2011,2012,2013,SOZIALE WOHLFAHRT,Alimentenbevorschussung,Auszahlung Bevorschussung,140000,,105000,,90012.7,
3661,2011,2012,2013,SOZIALE WOHLFAHRT,Alimentenbevorschussung,Auszahlung Alimenten-Inkasso,10000,,10000,,7190.8,
4360,2011,2012,2013,SOZIALE WOHLFAHRT,Alimentenbevorschussung,Rückerstattung Bevorschussung,,110000,,80000,,52047.95
4361,2011,2012,2013,SOZIALE WOHLFAHRT,Alimentenbevorschussung,Alimenteninkasso-Rückerstattg.,,10000,,10000,,7190.8
451,2011,2012,2013,SOZIALE WOHLFAHRT,Alimentenbevorschussung,Kantonsbeiträge,,7500,,7500,,5494.95
3520,2011,2012,2013,SOZIALE WOHLFAHRT,Unterstützungen an Kantonsbürger im Kanton wohnhaft,Rückerstattungen an andere Gemeinden,50000,,50000,,,
3661,2011,2012,2013,SOZIALE WOHLFAHRT,Unterstützungen an Kantonsbürger im Kanton wohnhaft,Unterstützungen,267000,,226000,,264298.85,
436,2011,2012,2013,SOZIALE WOHLFAHRT,Unterstützungen an Kantonsbürger im Kanton wohnhaft,Rückerstattungen von Unterstützten,,20000,,7000,,16378
452,2011,2012,2013,SOZIALE WOHLFAHRT,Unterstützungen an Kantonsbürger im Kanton wohnhaft,Rückerstattungen von anderen Gemeinden,,5000,,3600,,4400.85
3520,2011,2012,2013,SOZIALE WOHLFAHRT,Unterstützungen an Bürger anderer Kantone,Rückerstattungen an andere Gemeinden,54000,,5000,,8040,
3660,2011,2012,2013,SOZIALE WOHLFAHRT,Unterstützungen an Bürger anderer Kantone,Unterstützungen,300000,,200000,,249291.15,
436,2011,2012,2013,SOZIALE WOHLFAHRT,Unterstützungen an Bürger anderer Kantone,Rückerstattungen von Unterstützten und Verwandten,,40000,,80000,,66853.6
4520,2011,2012,2013,SOZIALE WOHLFAHRT,Unterstützungen an Bürger anderer Kantone,Rückerstattung von früheren Wohngemeinden,,35000,,25000,,34116.95
3010,2011,2012,2013,SOZIALE WOHLFAHRT,Ausländerunterstützungen,Besoldung Betreuer Asylbewerb.,12200,,10000,,12000,
3030,2011,2012,2013,SOZIALE WOHLFAHRT,Ausländerunterstützungen,Sozialversicherungsprämien,2980,,2500,,3030,
311,2011,2012,2013,SOZIALE WOHLFAHRT,Ausländerunterstützungen,Mobiliar Unterkünfte Asylbew.,5000,,5000,,3991.2,
312,2011,2012,2013,SOZIALE WOHLFAHRT,Ausländerunterstützungen,"Strom, Heizung usw. Unterkünfte Asylbewerber",7000,,7000,,5859.1,
314,2011,2012,2013,SOZIALE WOHLFAHRT,Ausländerunterstützungen,Installationsarbeiten Unterkünfte Asylbewerber,1000,,2000,,495.8,
316,2011,2012,2013,SOZIALE WOHLFAHRT,Ausländerunterstützungen,Mietkosten Unterkünfte Asylb.,80000,,50000,,47469.65,
3180,2011,2012,2013,SOZIALE WOHLFAHRT,Ausländerunterstützungen,Krankenkassen-Beitr. Asylbew. Inkl. Heil-/Pflegekosten,2000,,1500,,1291.15,
3520,2011,2012,2013,SOZIALE WOHLFAHRT,Ausländerunterstützungen,Rückerstattungen an andere Gemeinden,50000,,15000,,13240.9,
3660,2011,2012,2013,SOZIALE WOHLFAHRT,Ausländerunterstützungen,Ausländer-Unterstützungen,80000,,130000,,67496.2,
3661,2011,2012,2013,SOZIALE WOHLFAHRT,Ausländerunterstützungen,Unterstützungen a.Asylbewerber,60000,,50000,,41459.65,
4361,2011,2012,2013,SOZIALE WOHLFAHRT,Ausländerunterstützungen,Rückerstattungen von Ausländern allgemein,,20000,,25000,,16086.15
4362,2011,2012,2013,SOZIALE WOHLFAHRT,Ausländerunterstützungen,Rückerstattungen von Asylbewerbern und vorläufig Aufgenommenen,,15000,,30000,,18290
451,2011,2012,2013,SOZIALE WOHLFAHRT,Ausländerunterstützungen,Kantonsbeiträge an Kosten Asylbewerber,,75000,,75000,,69763.46
4520,2011,2012,2013,SOZIALE WOHLFAHRT,Ausländerunterstützungen,Rückerstattungen von anderen Gemeinden,,10000,,15000,,836
3000,2011,2012,2013,SOZIALE WOHLFAHRT,Allgemeine Sozialhilfe / Sozialhilfe-Verwaltung inkl. Reg. Sozialamt 2010 - 2012,Besoldung ReferentIn,11500,,11800,,8700,
3010,2011,2012,2013,SOZIALE WOHLFAHRT,Allgemeine Sozialhilfe / Sozialhilfe-Verwaltung inkl. Reg. Sozialamt 2010 - 2012,Besoldung Verwaltung,12000,,12000,,12000,
3011,2011,2012,2013,SOZIALE WOHLFAHRT,Allgemeine Sozialhilfe / Sozialhilfe-Verwaltung inkl. Reg. Sozialamt 2010 - 2012,Hilfsdienste/Betreuung für Sozialfälle,400,,,,343,
3012,2011,2012,2013,SOZIALE WOHLFAHRT,Allgemeine Sozialhilfe / Sozialhilfe-Verwaltung inkl. Reg. Sozialamt 2010 - 2012,Besoldung Sozialamt,78700,,143000,,135761.65,
303,2011,2012,2013,SOZIALE WOHLFAHRT,Allgemeine Sozialhilfe / Sozialhilfe-Verwaltung inkl. Reg. Sozialamt 2010 - 2012,Sozialversicherungsprämien,25020,,36000,,39228.3,
309,2011,2012,2013,SOZIALE WOHLFAHRT,Allgemeine Sozialhilfe / Sozialhilfe-Verwaltung inkl. Reg. Sozialamt 2010 - 2012,übriger Personalaufwand,2000,,4000,,1380,
310,2011,2012,2013,SOZIALE WOHLFAHRT,Allgemeine Sozialhilfe / Sozialhilfe-Verwaltung inkl. Reg. Sozialamt 2010 - 2012,Bürokosten und Porti,1500,,3500,,2544.7,
3110,2011,2012,2013,SOZIALE WOHLFAHRT,Allgemeine Sozialhilfe / Sozialhilfe-Verwaltung inkl. Reg. Sozialamt 2010 - 2012,EDV/Computer,1000,,2000,,153.9,
3111,2011,2012,2013,SOZIALE WOHLFAHRT,Allgemeine Sozialhilfe / Sozialhilfe-Verwaltung inkl. Reg. Sozialamt 2010 - 2012,Autoentschädigung,1200,,2400,,1200,
3112,2011,2012,2013,SOZIALE WOHLFAHRT,Allgemeine Sozialhilfe / Sozialhilfe-Verwaltung inkl. Reg. Sozialamt 2010 - 2012,Anschaffung Büroeinrichtung Regionales Sozialamt,,,,,530.7,
319,2011,2012,2013,SOZIALE WOHLFAHRT,Allgemeine Sozialhilfe / Sozialhilfe-Verwaltung inkl. Reg. Sozialamt 2010 - 2012,"Verschiedene Ausgaben, u.a. Gde-Beitr. An Nichterwerbst.",2000,,3000,,490,
3512,2011,2012,2013,SOZIALE WOHLFAHRT,Allgemeine Sozialhilfe / Sozialhilfe-Verwaltung inkl. Reg. Sozialamt 2010 - 2012,Gemeindeanteil an poolfinanzierte Leistungen,140000,,100000,,50755.2,
3630,2011,2012,2013,SOZIALE WOHLFAHRT,Allgemeine Sozialhilfe / Sozialhilfe-Verwaltung inkl. Reg. Sozialamt 2010 - 2012,Miete/Gebühren/Mobiliar Sozialwohnungen,2500,,5400,,,
3650,2011,2012,2013,SOZIALE WOHLFAHRT,Allgemeine Sozialhilfe / Sozialhilfe-Verwaltung inkl. Reg. Sozialamt 2010 - 2012,Beiträge an Frauenhaus Schaffhausen,1500,,1500,,1500,
3654,2011,2012,2013,SOZIALE WOHLFAHRT,Allgemeine Sozialhilfe / Sozialhilfe-Verwaltung inkl. Reg. Sozialamt 2010 - 2012,Beiträge an andere gemeinnützige Institutionen und Organisationen,9500,,9500,,9450,
3656,2011,2012,2013,SOZIALE WOHLFAHRT,Allgemeine Sozialhilfe / Sozialhilfe-Verwaltung inkl. Reg. Sozialamt 2010 - 2012,Beitrag an Rhyblick (Ausb.-Zentrum Fröbelgarten),200,,200,,200,
3657,2011,2012,2013,SOZIALE WOHLFAHRT,Allgemeine Sozialhilfe / Sozialhilfe-Verwaltung inkl. Reg. Sozialamt 2010 - 2012,Beitrag an Wohnheim Rabenfluh,500,,500,,500,
3660,2011,2012,2013,SOZIALE WOHLFAHRT,Allgemeine Sozialhilfe / Sozialhilfe-Verwaltung inkl. Reg. Sozialamt 2010 - 2012,Beiträge an Zweidihei (Pflegekinder),4000,,3600,,3500,
3661,2011,2012,2013,SOZIALE WOHLFAHRT,Allgemeine Sozialhilfe / Sozialhilfe-Verwaltung inkl. Reg. Sozialamt 2010 - 2012,Beiträge an TASCH,15000,,15000,,12170,
3662,2011,2012,2013,SOZIALE WOHLFAHRT,Allgemeine Sozialhilfe / Sozialhilfe-Verwaltung inkl. Reg. Sozialamt 2010 - 2012,Beiträge an Deutschkurse für Eltern von Schülern,2000,,2000,,,
3900,2011,2012,2013,SOZIALE WOHLFAHRT,Allgemeine Sozialhilfe / Sozialhilfe-Verwaltung inkl. Reg. Sozialamt 2010 - 2012,"Arbeitsplätze Reg. Sozialamt interne Kosten, z.B. Miete (09.4900)",,,12000,,16150,
439,2011,2012,2013,SOZIALE WOHLFAHRT,Allgemeine Sozialhilfe / Sozialhilfe-Verwaltung inkl. Reg. Sozialamt 2010 - 2012,Verschiedene Einnahmen,,,,,,2710.5
4520,2011,2012,2013,SOZIALE WOHLFAHRT,Allgemeine Sozialhilfe / Sozialhilfe-Verwaltung inkl. Reg. Sozialamt 2010 - 2012,Reg. Sozialamt: Rückerstattg. von anderen beteiligten Gemeinden,,,,110000,,97500
4610,2011,2012,2013,SOZIALE WOHLFAHRT,Allgemeine Sozialhilfe / Sozialhilfe-Verwaltung inkl. Reg. Sozialamt 2010 - 2012,Beitrag Kanton an Sozialhilfeaufwendungen der Gemeinde,,100000,,75000,,99869
3620,2011,2012,2013,SOZIALE WOHLFAHRT,Hilfsaktion im In- und Ausland,Inlandhilfe,8000,,6000,,6000,
367,2011,2012,2013,SOZIALE WOHLFAHRT,Hilfsaktion im In- und Ausland,Beiträge an Institutionen und Organisationen im Ausland,8000,,6000,,6000,
3000,2011,2012,2013,VERKEHR,Strassen,Besoldung ReferentIn,11500,,11800,,8700,
3010,2011,2012,2013,VERKEHR,Strassen,Besoldg.Strassen/Arb.f.Dritte,41560,,40000,,38275.75,
3011,2011,2012,2013,VERKEHR,Strassen,Besoldung Winterdienst,20500,,40000,,25559.75,
3012,2011,2012,2013,VERKEHR,Strassen,Besoldung Strassensignalisat./Beleuchtung,3000,,4000,,2821.25,
303,2011,2012,2013,VERKEHR,Strassen,Sozialversicherungsprämien,18680,,24000,,17966.05,
306,2011,2012,2013,VERKEHR,Strassen,Dienstkleider,5000,,4000,,4060.35,
3090,2011,2012,2013,VERKEHR,Strassen,Uebriger Personalaufwand,500,,500,,250,
3110,2011,2012,2013,VERKEHR,Strassen,"Werkzeuge, Verbrauchsmaterial",38000,,42000,,41879.88,
3111,2011,2012,2013,VERKEHR,Strassen,Fahrzeuge,40000,,40000,,38124.05,
312,2011,2012,2013,VERKEHR,Strassen,Strom für Strassenbeleuchtung,42500,,38000,,40195.2,
3130,2011,2012,2013,VERKEHR,Strassen,Unterhalt Gemeindestrassen,75000,,110000,,55711.8,
3131,2011,2012,2013,VERKEHR,Strassen,Unterhalt öffentl. Beleuchtung (ohne Strom),30000,,25000,,33799.85,
3132,2011,2012,2013,VERKEHR,Strassen,Winterdienst (Sachaufwand),55000,,50000,,59918.01,
3140.1,2011,2012,2013,VERKEHR,Strassen,"Unterhalt von Kantonsstrassen (Sachaufw., inkl. Reinigung)",9000,,10000,,459.15,
3140.2,2011,2012,2013,VERKEHR,Strassen,Strassenkorrektionen/Anpassungen usw.,35000,,30000,,41158.6,
3141,2011,2012,2013,VERKEHR,Strassen,Erstellung und Erneuerung der öffentlichen Beleuchtung,15000,,20000,,,
3142,2011,2012,2013,VERKEHR,Strassen,Strassensign./-Beschriftung,10000,,10000,,5018.4,
3143,2011,2012,2013,VERKEHR,Strassen,Bodenmarkierungen,5000,,3000,,1124.85,
3144,2011,2012,2013,VERKEHR,Strassen,Strassenreinigung,33000,,30000,,32306.7,
3145,2011,2012,2013,VERKEHR,Strassen,Baumagazine (Sachaufwand),,,,,,
3147,2011,2012,2013,VERKEHR,Strassen,Unterhalt Fusswege,35000,,20000,,21497.7,
3180,2011,2012,2013,VERKEHR,Strassen,Telefon-Entschädigungen,800,,700,,828,
319,2011,2012,2013,VERKEHR,Strassen,Verschiedene Ausgaben,500,,500,,64.8,
3900,2011,2012,2013,VERKEHR,Strassen,Abschreibung Strassenbau,331400,,239800,,161777.3,
3901,2011,2012,2013,VERKEHR,Strassen,Abschreibung Fahrzeuge (Investitionsrechnung),21500,,8100,,11900,
3905,2011,2012,2013,VERKEHR,Strassen,Schuldzinsen invest. Kapital,105700,,68200,,46000,
4340,2011,2012,2013,VERKEHR,Strassen,Nachtparkgebühren,,14000,,10000,,12630
4341,2011,2012,2013,VERKEHR,Strassen,Vergütungen für Sach- und Dienstleistungen,,12000,,12000,,13845.15
4360,2011,2012,2013,VERKEHR,Strassen,Rückerstattungen von Versicherungen und von Privaten,,2000,,2000,,13342.15
4393,2011,2012,2013,VERKEHR,Strassen,Entschädigungen Minderwert Belagsaufbrüche,,4000,,3000,,4307.65
4600,2011,2012,2013,VERKEHR,Strassen,Bundesbeiträge an PWI,,,,,,25258
4610,2011,2012,2013,VERKEHR,Strassen,Kantonsbeiträge an PWI,,,,,,16539
4630,2011,2012,2013,VERKEHR,Strassen,"Rückerstattung für Fahrzeugbenützung (720/722.3150, 905.3620 und 710.3620)",,22500,,21000,,21000
480,2011,2012,2013,VERKEHR,Strassen,Entnahme aus Fonds und Rückstellungen (11.362),,235000,,210000,,207787.55
3010,2011,2012,2013,VERKEHR,Nahverkehr,Besoldungen Unterhalt,1400,,2000,,1303.45,
3030,2011,2012,2013,VERKEHR,Nahverkehr,Sozialversicherungsprämien,350,,500,,329.1,
3140,2011,2012,2013,VERKEHR,Nahverkehr,Unterhalt Bus-Wartehäuschen,2000,,2000,,611.1,
3510,2011,2012,2013,VERKEHR,Nahverkehr,Abgeltung öffentlicher Verkehr,152000,,144750,,146423,
3161,2011,2012,2013,VERKEHR,Uebriger Verkehr (inkl. Verkehrsplanung),Mietkosten für Velounterstand,3000,,3000,,3000,
3000,2011,2012,2013,UMWELT UND RAUMPLANUNG,Wasserversorgung,Besoldung ReferentIn,4800,,4800,,3500,
3010,2011,2012,2013,UMWELT UND RAUMPLANUNG,Wasserversorgung,Besoldung Verwaltung,27300,,27000,,27000,
3011,2011,2012,2013,UMWELT UND RAUMPLANUNG,Wasserversorgung,Besoldung Bauamtsangestellte,3700,,2000,,3402.65,
3030,2011,2012,2013,UMWELT UND RAUMPLANUNG,Wasserversorgung,Sozialversicherungsprämien,8740,,8500,,8547.15,
3100,2011,2012,2013,UMWELT UND RAUMPLANUNG,Wasserversorgung,"Bürokosten/Drucksachen, Porti",5000,,5000,,4810.9,
3110,2011,2012,2013,UMWELT UND RAUMPLANUNG,Wasserversorgung,"Wassermesser: Beschaffung, Einbau, Unterhalt",25000,,30000,,21435.25,
3120,2011,2012,2013,UMWELT UND RAUMPLANUNG,Wasserversorgung,Wasserbezug von Neuhausen + Löhningen,70000,,60000,,107136.15,
3121,2011,2012,2013,UMWELT UND RAUMPLANUNG,Wasserversorgung,Stromkosten,20000,,20000,,13989.65,
3140,2011,2012,2013,UMWELT UND RAUMPLANUNG,Wasserversorgung,Unterhalt Anlagen (Sachaufw.),10000,,20000,,6675.95,
3141,2011,2012,2013,UMWELT UND RAUMPLANUNG,Wasserversorgung,Leitungsnetz (Sachaufwand),10000,,20000,,2731.05,
3142,2011,2012,2013,UMWELT UND RAUMPLANUNG,Wasserversorgung,Sanierg. Hydranten/Schieber,10000,,20000,,1892.59,
3144,2011,2012,2013,UMWELT UND RAUMPLANUNG,Wasserversorgung,Störfalleinsätze (Leitungsbrüche usw.),75000,,60000,,73698.75,
3150,2011,2012,2013,UMWELT UND RAUMPLANUNG,Wasserversorgung,Fernsteuerung: Unterhalt/Leitungsgebühren,1500,,1500,,1416,
3160,2011,2012,2013,UMWELT UND RAUMPLANUNG,Wasserversorgung,Miete Magazin,3000,,3000,,3000,
3180,2011,2012,2013,UMWELT UND RAUMPLANUNG,Wasserversorgung,Pläne Wasserversorgung,15000,,15000,,18578.05,
3181.01,2011,2012,2013,UMWELT UND RAUMPLANUNG,Wasserversorgung,Städt. Werke: Administration / Koordination,22000,,22000,,22000,
3181.011,2011,2012,2013,UMWELT UND RAUMPLANUNG,Wasserversorgung,Finanz- und Rechnungswesen,2000,,2000,,2000,
3181.02,2011,2012,2013,UMWELT UND RAUMPLANUNG,Wasserversorgung,Städt. Werke: Planwesen/Statistik,3000,,3000,,3000,
3181.03,2011,2012,2013,UMWELT UND RAUMPLANUNG,Wasserversorgung,Städt.Werke: Installationskontrollen bei Privaten,5000,,5000,,5000,
3181.04,2011,2012,2013,UMWELT UND RAUMPLANUNG,Wasserversorgung,Städt. Werke: Bereitschaftsd.,4000,,4000,,4000,
3181.05,2011,2012,2013,UMWELT UND RAUMPLANUNG,Wasserversorgung,Städt. Werke: Anlagenkontrolle,35000,,35000,,35000,
3181.06,2011,2012,2013,UMWELT UND RAUMPLANUNG,Wasserversorgung,Städt Werke: Unterhalt Anlagen,6000,,6000,,6000,
3181.07,2011,2012,2013,UMWELT UND RAUMPLANUNG,Wasserversorgung,Städt. Werke: Unterhalt nach Aufwand; Material = 3140 ff.,15000,,15000,,9156.75,
3181.09,2011,2012,2013,UMWELT UND RAUMPLANUNG,Wasserversorgung,Städt. Werke Ablesen Wassermesser,3000,,3000,,3000,
3182,2011,2012,2013,UMWELT UND RAUMPLANUNG,Wasserversorgung,Untersuchungsk. Trinkwasser,3000,,3000,,3105,
3184,2011,2012,2013,UMWELT UND RAUMPLANUNG,Wasserversorgung,Telefon,1500,,1500,,1490.2,
3185,2011,2012,2013,UMWELT UND RAUMPLANUNG,Wasserversorgung,Sachversicherungen,1300,,1200,,1318.45,
3190,2011,2012,2013,UMWELT UND RAUMPLANUNG,Wasserversorgung,Verschiedene Ausgaben,500,,500,,6873.6,
3900,2011,2012,2013,UMWELT UND RAUMPLANUNG,Wasserversorgung,Abschreibungen auf Anlagen,244200,,355100,,466229.35,
3905,2011,2012,2013,UMWELT UND RAUMPLANUNG,Wasserversorgung,Schuldzinsen invest. Kapital,67200,,64500,,62500,
4340,2011,2012,2013,UMWELT UND RAUMPLANUNG,Wasserversorgung,Wasserzinseinnahmen,,620000,,580000,,575074.9
4800,2011,2012,2013,UMWELT UND RAUMPLANUNG,Wasserversorgung,Entnahme aus Anschlussgebühren-Fonds (12.3620),,81740,,237600,,353412.59
3000,2011,2012,2013,UMWELT UND RAUMPLANUNG,Abwasser innerhalb Gemeinde,Besoldung ReferentIn,4800,,4800,,3500,
301,2011,2012,2013,UMWELT UND RAUMPLANUNG,Abwasser innerhalb Gemeinde,Besoldungen,5240,,2000,,4960.65,
303,2011,2012,2013,UMWELT UND RAUMPLANUNG,Abwasser innerhalb Gemeinde,Sozialversicherungsprämien,2450,,1800,,2134.55,
310,2011,2012,2013,UMWELT UND RAUMPLANUNG,Abwasser innerhalb Gemeinde,Büromaterial/Anteil EDV-Kosten,1500,,1500,,1313.25,
3142,2011,2012,2013,UMWELT UND RAUMPLANUNG,Abwasser innerhalb Gemeinde,Unterhalt,65000,,50000,,63973.95,
3149,2011,2012,2013,UMWELT UND RAUMPLANUNG,Abwasser innerhalb Gemeinde,Planungskosten Abwasser im Zusammenhang mit GEP,,,37000,,,
318,2011,2012,2013,UMWELT UND RAUMPLANUNG,Abwasser innerhalb Gemeinde,Pläne Kanalisationswesen,15000,,15000,,8690.4,
319,2011,2012,2013,UMWELT UND RAUMPLANUNG,Abwasser innerhalb Gemeinde,Verschiedene Ausgaben,500,,500,,,
3620,2011,2012,2013,UMWELT UND RAUMPLANUNG,Abwasser innerhalb Gemeinde,Zuweisung an Kto. 620.4630 für Fahrzeugbenützung,5000,,5000,,5000,
3900,2011,2012,2013,UMWELT UND RAUMPLANUNG,Abwasser innerhalb Gemeinde,Abschreibg. Kanalisationsprojekte (Investitionsrechnung),116300,,463900,,775983.65,
3905,2011,2012,2013,UMWELT UND RAUMPLANUNG,Abwasser innerhalb Gemeinde,Schuldzinsen invest. Kapital,32000,,45000,,21300,
4340,2011,2012,2013,UMWELT UND RAUMPLANUNG,Abwasser innerhalb Gemeinde,Gebühren für Kanalisationsbenützung,,240000,,230000,,222022.55
4800,2011,2012,2013,UMWELT UND RAUMPLANUNG,Abwasser innerhalb Gemeinde,Entnahme aus Anschlussgebühren-Fonds (13.3620),,7790,,396500,,593181.9
319,2011,2012,2013,UMWELT UND RAUMPLANUNG,"Kläranlagen, Abwasserreinigung",Verschiedene Ausgaben,,,,,1261.75,
352,2011,2012,2013,UMWELT UND RAUMPLANUNG,"Kläranlagen, Abwasserreinigung",Betriebskostenant./Erneuerg.-Fonds Abwasserverb. Klettg.,526000,,502000,,385191.65,
4340,2011,2012,2013,UMWELT UND RAUMPLANUNG,"Kläranlagen, Abwasserreinigung",Verbandsgebühr für ARA Hallau,,526000,,502000,,458105.4
301,2011,2012,2013,UMWELT UND RAUMPLANUNG,Gebührenmarken: Kehricht- und Sperrgutbeseitung; inkl. sep. Sammelstellen,Besoldungen,47160,,44000,,40809.7,
303,2011,2012,2013,UMWELT UND RAUMPLANUNG,Gebührenmarken: Kehricht- und Sperrgutbeseitung; inkl. sep. Sammelstellen,Sozialversicherungsprämien,11500,,11000,,9516.4,
3100,2011,2012,2013,UMWELT UND RAUMPLANUNG,Gebührenmarken: Kehricht- und Sperrgutbeseitung; inkl. sep. Sammelstellen,Gebührenmarken,9500,,8000,,8753.15,
3140,2011,2012,2013,UMWELT UND RAUMPLANUNG,Gebührenmarken: Kehricht- und Sperrgutbeseitung; inkl. sep. Sammelstellen,"Unterhalt Mulden, Container, Sammelstellen  usw.",3000,,2000,,416.65,
3150,2011,2012,2013,UMWELT UND RAUMPLANUNG,Gebührenmarken: Kehricht- und Sperrgutbeseitung; inkl. sep. Sammelstellen,"Sperrgutbeseitigung, Fahrzeug",500,,500,,500,
3160,2011,2012,2013,UMWELT UND RAUMPLANUNG,Gebührenmarken: Kehricht- und Sperrgutbeseitung; inkl. sep. Sammelstellen,Platzmiete für Sammelcontainer,6000,,3000,,3000,
3180,2011,2012,2013,UMWELT UND RAUMPLANUNG,Gebührenmarken: Kehricht- und Sperrgutbeseitung; inkl. sep. Sammelstellen,Kehrichtbeseitigung durch Dritte,35000,,32000,,31691.05,
3182,2011,2012,2013,UMWELT UND RAUMPLANUNG,Gebührenmarken: Kehricht- und Sperrgutbeseitung; inkl. sep. Sammelstellen,"Entsorgung sep. Sammelstellen: Altmetall, Glas, Alu/Weissblech, Gifte, Inertstoffe, Altöl, Abfallkörbe, Robidog",24000,,20000,,22587.15,
3183,2011,2012,2013,UMWELT UND RAUMPLANUNG,Gebührenmarken: Kehricht- und Sperrgutbeseitung; inkl. sep. Sammelstellen,Entschädigung für Altpapiersammlungen,15000,,15000,,11771.2,
319,2011,2012,2013,UMWELT UND RAUMPLANUNG,Gebührenmarken: Kehricht- und Sperrgutbeseitung; inkl. sep. Sammelstellen,Verschiedene Ausgaben,2500,,2000,,1940,
3520,2011,2012,2013,UMWELT UND RAUMPLANUNG,Gebührenmarken: Kehricht- und Sperrgutbeseitung; inkl. sep. Sammelstellen,"KBA Hard, Kehricht",80000,,75000,,70798.65,
3521,2011,2012,2013,UMWELT UND RAUMPLANUNG,Gebührenmarken: Kehricht- und Sperrgutbeseitung; inkl. sep. Sammelstellen,KBA Hard/Abfallcenter Sperrgut,2000,,2000,,1194.6,
364,2011,2012,2013,UMWELT UND RAUMPLANUNG,Gebührenmarken: Kehricht- und Sperrgutbeseitung; inkl. sep. Sammelstellen,Einzugsprovision Markenverkauf,5000,,4000,,4818.05,
4341,2011,2012,2013,UMWELT UND RAUMPLANUNG,Gebührenmarken: Kehricht- und Sperrgutbeseitung; inkl. sep. Sammelstellen,Verkauf von Gebührenmarken,,206000,,170000,,191461.9
4351,2011,2012,2013,UMWELT UND RAUMPLANUNG,Gebührenmarken: Kehricht- und Sperrgutbeseitung; inkl. sep. Sammelstellen,"Verkauf von Altpapier, Alteisen, Alu, Weissbl. Karton, vorbez. Recycl. Geb. Altglas",,25000,,25000,,23329.45
439,2011,2012,2013,UMWELT UND RAUMPLANUNG,Gebührenmarken: Kehricht- und Sperrgutbeseitung; inkl. sep. Sammelstellen,Verschiedene Einnahmen (Rückerstattungen),,,,,,252
4630,2011,2012,2013,UMWELT UND RAUMPLANUNG,Gebührenmarken: Kehricht- und Sperrgutbeseitung; inkl. sep. Sammelstellen,Rückerstattg. für Leerung Robidog-Behälter (905.3620),,9000,,7500,,7500
3000,2011,2012,2013,UMWELT UND RAUMPLANUNG,Grundgebühr: Abfallentsorgung inkl. Grünabfall,Besoldung ReferentIn,4800,,4800,,3500,
3010,2011,2012,2013,UMWELT UND RAUMPLANUNG,Grundgebühr: Abfallentsorgung inkl. Grünabfall,"Besoldungen (Administration, Grünabfuhr, Sammelplätze)",35300,,41000,,43978.95,
3011,2011,2012,2013,UMWELT UND RAUMPLANUNG,Grundgebühr: Abfallentsorgung inkl. Grünabfall,Besoldungen Häckseldienst,2200,,2500,,2000.9,
3030,2011,2012,2013,UMWELT UND RAUMPLANUNG,Grundgebühr: Abfallentsorgung inkl. Grünabfall,Sozialversicherungsprämien,10320,,12500,,12493.65,
3100,2011,2012,2013,UMWELT UND RAUMPLANUNG,Grundgebühr: Abfallentsorgung inkl. Grünabfall,"Büromaterial, Merkblätter, Inserate usw.",5000,,5000,,4523.55,
3150,2011,2012,2013,UMWELT UND RAUMPLANUNG,Grundgebühr: Abfallentsorgung inkl. Grünabfall,Eigene Fahrzeuge sowie Zuweisung an 620.4630 für weitere Fahrzeugbenützungen,9000,,8000,,8000,
3180,2011,2012,2013,UMWELT UND RAUMPLANUNG,Grundgebühr: Abfallentsorgung inkl. Grünabfall,Grünabfall-Beseitigung durch Dritte,50000,,45000,,46042.7,
3181,2011,2012,2013,UMWELT UND RAUMPLANUNG,Grundgebühr: Abfallentsorgung inkl. Grünabfall,Häckseldienst (Sachaufwand Maschinen),1500,,1000,,625,
3190,2011,2012,2013,UMWELT UND RAUMPLANUNG,Grundgebühr: Abfallentsorgung inkl. Grünabfall,Verschiedene Ausgaben,,,1000,,,
3191,2011,2012,2013,UMWELT UND RAUMPLANUNG,Grundgebühr: Abfallentsorgung inkl. Grünabfall,"MwSt.-Vorsteuer-Kürzung, infolge Unterdeckung",3000,,2000,,3344.65,
3520,2011,2012,2013,UMWELT UND RAUMPLANUNG,Grundgebühr: Abfallentsorgung inkl. Grünabfall,Entsorgung Grünabfall,96000,,85000,,87175.35,
3900,2011,2012,2013,UMWELT UND RAUMPLANUNG,Grundgebühr: Abfallentsorgung inkl. Grünabfall,Abschreibungen Investitionsrg.,15400,,7700,,9074.8,
3905,2011,2012,2013,UMWELT UND RAUMPLANUNG,Grundgebühr: Abfallentsorgung inkl. Grünabfall,Schuldzinsen invest. Kapital,4200,,2100,,2500,
4340,2011,2012,2013,UMWELT UND RAUMPLANUNG,Grundgebühr: Abfallentsorgung inkl. Grünabfall,Grundgebühren,,155000,,145000,,144407.85
4342,2011,2012,2013,UMWELT UND RAUMPLANUNG,Grundgebühr: Abfallentsorgung inkl. Grünabfall,Einnahmen aus Häckselservice,,600,,600,,210
301,2011,2012,2013,UMWELT UND RAUMPLANUNG,Friedhof und Bestattungen,Besoldungen,5500,,7000,,4682.25,
303,2011,2012,2013,UMWELT UND RAUMPLANUNG,Friedhof und Bestattungen,Sozialversicherungsprämien,1350,,1400,,803.1,
312,2011,2012,2013,UMWELT UND RAUMPLANUNG,Friedhof und Bestattungen,"Heizung, Strom, Wasser",6000,,7000,,5357.6,
3132,2011,2012,2013,UMWELT UND RAUMPLANUNG,Friedhof und Bestattungen,Reinigungsmaterial,800,,800,,595.25,
3140,2011,2012,2013,UMWELT UND RAUMPLANUNG,Friedhof und Bestattungen,Unterhalt Gebäude,2000,,2000,,533.5,
3141,2011,2012,2013,UMWELT UND RAUMPLANUNG,Friedhof und Bestattungen,Unterhalt Wege und Anlagen,65000,,65000,,66603.3,
3185,2011,2012,2013,UMWELT UND RAUMPLANUNG,Friedhof und Bestattungen,Sachversicherungen,450,,400,,428.65,
366,2011,2012,2013,UMWELT UND RAUMPLANUNG,Friedhof und Bestattungen,Bestattungskosten,65000,,60000,,64289.3,
436,2011,2012,2013,UMWELT UND RAUMPLANUNG,Friedhof und Bestattungen,Rückvergütungen,,3500,,1000,,2920.5
4361,2011,2012,2013,UMWELT UND RAUMPLANUNG,Friedhof und Bestattungen,Beerdigungspauschalen,,15000,,15000,,16750
3010,2011,2012,2013,UMWELT UND RAUMPLANUNG,Gewässerverbauungen Gewässerunterhalt,Besoldungen Brunnenunterhalt,5260,,4500,,5154.35,
3011,2011,2012,2013,UMWELT UND RAUMPLANUNG,Gewässerverbauungen Gewässerunterhalt,Besoldungen Gewässerunterhalt,7200,,10000,,6820.2,
303,2011,2012,2013,UMWELT UND RAUMPLANUNG,Gewässerverbauungen Gewässerunterhalt,Sozialversicherungsprämien,3050,,1500,,2922.85,
3120,2011,2012,2013,UMWELT UND RAUMPLANUNG,Gewässerverbauungen Gewässerunterhalt,Wasser/Abwasser (Dorfbrunnen),15000,,15000,,9615.25,
313,2011,2012,2013,UMWELT UND RAUMPLANUNG,Gewässerverbauungen Gewässerunterhalt,Verbrauchsmaterial,1000,,1000,,720.3,
314,2011,2012,2013,UMWELT UND RAUMPLANUNG,Gewässerverbauungen Gewässerunterhalt,Unterhalt der Gewässer (Sachaufwand),500,,20000,,210.6,
3140,2011,2012,2013,UMWELT UND RAUMPLANUNG,Gewässerverbauungen Gewässerunterhalt,Brunnenunterhalt (Sachaufwand),8000,,2000,,1870.3,
319,2011,2012,2013,UMWELT UND RAUMPLANUNG,Gewässerverbauungen Gewässerunterhalt,Verschiedene Ausgaben,500,,500,,,
3900,2011,2012,2013,UMWELT UND RAUMPLANUNG,Gewässerverbauungen Gewässerunterhalt,Abschreibungen Investitionsrg.,35000,,,,,
3905,2011,2012,2013,UMWELT UND RAUMPLANUNG,Gewässerverbauungen Gewässerunterhalt,Schuldzinsen invest. Kapital,9600,,,,,
300,2011,2012,2013,UMWELT UND RAUMPLANUNG,Naturschutz,Besoldung ReferentIn,700,,800,,600,
3000,2011,2012,2013,UMWELT UND RAUMPLANUNG,Naturschutz,Sitzungsgelder Naturschutzkommission,2000,,2500,,1450,
3010,2011,2012,2013,UMWELT UND RAUMPLANUNG,Naturschutz,Besoldung Verwaltung und Bauamtsangestellte,7700,,5000,,7579.85,
303,2011,2012,2013,UMWELT UND RAUMPLANUNG,Naturschutz,Sozialversicherungsprämien,2550,,2200,,2152.8,
3100,2011,2012,2013,UMWELT UND RAUMPLANUNG,Naturschutz,"Bürokosten, Porti",300,,300,,300,
3131,2011,2012,2013,UMWELT UND RAUMPLANUNG,Naturschutz,Unterhalt Rossfähi,15000,,500,,405.45,
3132,2011,2012,2013,UMWELT UND RAUMPLANUNG,Naturschutz,Verschiedene Naturschutzaufgaben,3000,,3000,,1131.5,
3134,2011,2012,2013,UMWELT UND RAUMPLANUNG,Naturschutz,Unterhalt Amphibienleitwände/Aufwand Amphibienwanderung,500,,500,,,
3135,2011,2012,2013,UMWELT UND RAUMPLANUNG,Naturschutz,OVB-Pflegetag / NSK-Begehungen,1000,,1000,,,
3137,2011,2012,2013,UMWELT UND RAUMPLANUNG,Naturschutz,Renaturierung Gewässer,40000,,,,,
3190,2011,2012,2013,UMWELT UND RAUMPLANUNG,Naturschutz,Verschiedene Ausgaben,1000,,400,,,
4360,2011,2012,2013,UMWELT UND RAUMPLANUNG,Naturschutz,Rückerstattung aus Jagdpachterlös für Natur- und Tierschutzaufgaben (820.3191),,5600,,4000,,4000
4610,2011,2012,2013,UMWELT UND RAUMPLANUNG,Naturschutz,Rückerstattung von Kanton,,44000,,,,4588.65
480,2011,2012,2013,UMWELT UND RAUMPLANUNG,Naturschutz,Entnahme aus Fonds/Rückst. (Konti 32.3621/34.3621),,,,,,810
318,2011,2012,2013,UMWELT UND RAUMPLANUNG,Tierkörperbeseitigung,Kadaverbeseitigung,1000,,1500,,858.6,
4510,2011,2012,2013,UMWELT UND RAUMPLANUNG,Tierkörperbeseitigung,Rückerstattung von Kanton,,,,,,201.75
3000,2011,2012,2013,UMWELT UND RAUMPLANUNG,Uebrige Immissionen/Umwelt,Besoldung ReferentIn,700,,800,,600,
303,2011,2012,2013,UMWELT UND RAUMPLANUNG,Uebrige Immissionen/Umwelt,Sozialversicherungsprämien,180,,200,,151.5,
3180,2011,2012,2013,UMWELT UND RAUMPLANUNG,Planungen,Planungskosten Tiefbau,10000,,3000,,27722.6,
3181,2011,2012,2013,UMWELT UND RAUMPLANUNG,Planungen,Ueberarbeitung BNO,,,5000,,67868.9,
3182,2011,2012,2013,UMWELT UND RAUMPLANUNG,Planungen,Quartierplanung Benzen,,,,,4806.85,
3183,2011,2012,2013,UMWELT UND RAUMPLANUNG,Planungen,Quartierplanung Bömmliacker,,,,,286.2,
3183.02,2011,2012,2013,UMWELT UND RAUMPLANUNG,Planungen,Quartierplan Sunneblick,,,2500,,600.35,
3184,2011,2012,2013,UMWELT UND RAUMPLANUNG,Planungen,Planung Hochwasserschutz,5000,,,,,
3900,2011,2012,2013,UMWELT UND RAUMPLANUNG,Planungen,Abschreibungen Investitionsrechnung,12000,,1900,,18727.2,
3905,2011,2012,2013,UMWELT UND RAUMPLANUNG,Planungen,Schuldzinsen invest. Kapital,1600,,500,,2600,
3000,2011,2012,2013,VOLKSWIRTSCHAFT,Flur- und Landschaftspflege,Besoldung ReferentIn,700,,900,,600,
301,2011,2012,2013,VOLKSWIRTSCHAFT,Flur- und Landschaftspflege,Besoldungen,500,,500,,468.8,
303,2011,2012,2013,VOLKSWIRTSCHAFT,Flur- und Landschaftspflege,Sozialversicherungsprämien,310,,350,,269.85,
314,2011,2012,2013,VOLKSWIRTSCHAFT,Flur- und Landschaftspflege,"Unterhalt Güter (Grundstücke, Wege)",3000,,3000,,2206.45,
319,2011,2012,2013,VOLKSWIRTSCHAFT,Flur- und Landschaftspflege,Verschiedene Ausgaben (z.B. Kant. Landwirtsch. - Amt Oekoqualitätsverordnung),2000,,1500,,1944,
361,2011,2012,2013,VOLKSWIRTSCHAFT,Flur- und Landschaftspflege,Beiträge an kt. Rebfonds,560,,560,,550.8,
410,2011,2012,2013,VOLKSWIRTSCHAFT,Flur- und Landschaftspflege,Rebsteuer,,470,,470,,459
3000,2011,2012,2013,VOLKSWIRTSCHAFT,Verwaltung Forstbetrieb,Besoldung ReferentIn,3000,,3200,,2300,
3011,2011,2012,2013,VOLKSWIRTSCHAFT,Verwaltung Forstbetrieb,Besoldung Verwaltung,3500,,3500,,3400,
3030,2011,2012,2013,VOLKSWIRTSCHAFT,Verwaltung Forstbetrieb,Sozialversicherungsprämien,1600,,1700,,1439.25,
3100,2011,2012,2013,VOLKSWIRTSCHAFT,Verwaltung Forstbetrieb,Bürokosten,500,,1000,,350,
3170,2011,2012,2013,VOLKSWIRTSCHAFT,Verwaltung Forstbetrieb,Fahrzeugentschädigungen,1000,,1000,,971.25,
3180,2011,2012,2013,VOLKSWIRTSCHAFT,Verwaltung Forstbetrieb,Betriebsplan,,,7000,,,
3190,2011,2012,2013,VOLKSWIRTSCHAFT,Verwaltung Forstbetrieb,Verschiedene Ausgaben,500,,500,,846.45,
3520,2011,2012,2013,VOLKSWIRTSCHAFT,Verwaltung Forstbetrieb,Beitrag an Stadt SH für Förster / Beförsterung,13000,,13000,,12232.35,
3650,2011,2012,2013,VOLKSWIRTSCHAFT,Verwaltung Forstbetrieb,"Beitrag an Waldbesitzerverband SHF, HIV, IG",800,,800,,374.85,
3130,2011,2012,2013,VOLKSWIRTSCHAFT,Holzernte,Materialkosten Holzhauerei/Transport; Holzerkurse,15000,,10000,,14524.7,
3180,2011,2012,2013,VOLKSWIRTSCHAFT,Holzernte,Aufträge an Dritte,35000,,35000,,9038.1,
3520,2011,2012,2013,VOLKSWIRTSCHAFT,Holzernte,Beitrag an Stadt SH für Besoldung Holzhauerei/Nebennutzg.,14000,,14000,,13589.1,
4350,2011,2012,2013,VOLKSWIRTSCHAFT,Holzernte,Erlös Stammholz inkl. Stangen,,11500,,30000,,22027.65
4351,2011,2012,2013,VOLKSWIRTSCHAFT,Holzernte,Erlös Industrieholz,,12000,,10000,,3643.4
4352,2011,2012,2013,VOLKSWIRTSCHAFT,Holzernte,Erlös Brennholz,,23000,,30000,,
4354,2011,2012,2013,VOLKSWIRTSCHAFT,Holzernte,Erlös Holzschnitzel,,7000,,10000,,4200
3520,2011,2012,2013,VOLKSWIRTSCHAFT,Bestandeserziehung/Waldrandpflege/Naturschutzaufgaben,"Beitrag an Stadt SH für Besoldung Bestandeserziehung, Waldrandpflege/Naturschutz",6000,,6000,,9198.9,
4360,2011,2012,2013,VOLKSWIRTSCHAFT,Bestandeserziehung/Waldrandpflege/Naturschutzaufgaben,Rückerstattung für Verbesserung Lebensräume einheim. Tiere im Wald (Kto. 820.3192),,5000,,5000,,5000
4600,2011,2012,2013,VOLKSWIRTSCHAFT,Bestandeserziehung/Waldrandpflege/Naturschutzaufgaben,Bundesbeiträge für Jungwaldpflege,,7000,,1000,,768
4610,2011,2012,2013,VOLKSWIRTSCHAFT,Bestandeserziehung/Waldrandpflege/Naturschutzaufgaben,Kantonsbeiträge für Jungwaldpflege,,16000,,2000,,1318
3141,2011,2012,2013,VOLKSWIRTSCHAFT,Unterhalt Forstwege,Unterhalt Forstwege (Sachaufwand),12000,,6000,,10603.9,
3190,2011,2012,2013,VOLKSWIRTSCHAFT,Unterhalt Forstwege,Verschiedene Ausgaben,500,,500,,30,
3520,2011,2012,2013,VOLKSWIRTSCHAFT,Unterhalt Forstwege,Beitrag an Stadt SH für Besoldungen Unterh. Forstwege,4000,,3000,,3900.15,
319,2011,2012,2013,VOLKSWIRTSCHAFT,Jagd,Verschiedene Ausgaben,500,,500,,80,
3191,2011,2012,2013,VOLKSWIRTSCHAFT,Jagd,"Entschädigungen für Verbesserung Lebensräume einheim. Tiere u.a. im Naturschutz (770.4360, 028.4360)",11200,,8000,,7500,
3192,2011,2012,2013,VOLKSWIRTSCHAFT,Jagd,Entschädigung an Forst für Verbesserung Lebensräume einheim. Tiere im Wald (Kto. 813.4360),5000,,7000,,5000,
3193,2011,2012,2013,VOLKSWIRTSCHAFT,Jagd,Entschädigung an Landwirte für Wildschäden,2400,,1200,,1200,
410,2011,2012,2013,VOLKSWIRTSCHAFT,Jagd,Jagdpachterlös,,24000,,15000,,15021
365,2011,2012,2013,VOLKSWIRTSCHAFT,Tourismus,Beiträge an Verkehrsvereine/Schaffhausen Tourismus/Präsidentenkonf. Klettgau,4000,,4000,,3000,
3190,2011,2012,2013,FINANZEN UND STEUERN,Gemeindesteuer,Verschiedene Ausgaben (pauschale Steueranrechnung),5000,,5000,,3329.9,
3290,2011,2012,2013,FINANZEN UND STEUERN,Gemeindesteuer,Vergütungszinsen,20000,,45000,,35831.55,
330,2011,2012,2013,FINANZEN UND STEUERN,Gemeindesteuer,Erlassene und uneinbringliche Steuern,60000,,60000,,58793.15,
3610,2011,2012,2013,FINANZEN UND STEUERN,Gemeindesteuer,Einzugsprovision an Kanton für Steuereinzug jur. Personen,2000,,2000,,1705.8,
4000,2011,2012,2013,FINANZEN UND STEUERN,Gemeindesteuer,Einkommens- und Vermögenssteuern natürliche Personen,,7950000,,7100000,,6741203.4
4001,2011,2012,2013,FINANZEN UND STEUERN,Gemeindesteuer,Quellensteuern,,1100000,,1000000,,1056876.65
4002,2011,2012,2013,FINANZEN UND STEUERN,Gemeindesteuer,Nach- und Strafsteuern/Bussen,,,,,,54823.75
4003,2011,2012,2013,FINANZEN UND STEUERN,Gemeindesteuer,Einkommens- und Kapitalsteuern juristischer Personen,,300000,,250000,,248022.55
4004,2011,2012,2013,FINANZEN UND STEUERN,Gemeindesteuer,Nachträge früherer Jahre natürlicher Personen,,250000,,250000,,252486.5
4005,2011,2012,2013,FINANZEN UND STEUERN,Gemeindesteuer,Nachträge früherer Jahre juristischer Personen,,300000,,250000,,538393.75
403,2011,2012,2013,FINANZEN UND STEUERN,Gemeindesteuer,Grundstückgewinnsteuern,,300000,,300000,,275071.35
421,2011,2012,2013,FINANZEN UND STEUERN,Gemeindesteuer,Verzugszinsen,,60000,,70000,,45034.9
301,2011,2012,2013,FINANZEN UND STEUERN,Hundesteuer,Besoldungen,3500,,3500,,3500,
303,2011,2012,2013,FINANZEN UND STEUERN,Hundesteuer,Sozialversicherungsprämien,860,,850,,883.75,
310,2011,2012,2013,FINANZEN UND STEUERN,Hundesteuer,Bürokosten,1500,,1400,,1294.6,
3130,2011,2012,2013,FINANZEN UND STEUERN,Hundesteuer,Unterhalt/Neubeschaffung Robidog-Behälter,4000,,3000,,2319.85,
3510,2011,2012,2013,FINANZEN UND STEUERN,Hundesteuer,Beitrag an Kanton für Hundeadministration,5500,,5100,,4860,
3620,2011,2012,2013,FINANZEN UND STEUERN,Hundesteuer,Zuweisg. an Kti. 720.4630  und 620.4630 für Leerung Robidog-Behälter,17000,,15000,,15000,
406,2011,2012,2013,FINANZEN UND STEUERN,Hundesteuer,Hundesteuerertrag,,42000,,40000,,36348
4370,2011,2012,2013,FINANZEN UND STEUERN,Hundesteuer,Bussen,,,,,,
341,2011,2012,2013,FINANZEN UND STEUERN,Finanzausgleich,Zahlungen an den Finanzausgleichfonds,50000,,70000,,109897,
4441,2011,2012,2013,FINANZEN UND STEUERN,Finanzausgleich,Beitrag Kanton Entlastung Ressourcenausgleich,,21000,,,,
380,2011,2012,2013,FINANZEN UND STEUERN,Einnahmeanteile/Anschlussgebühren,Einlage in Strassenbaufonds (11.462),235000,,210000,,207787.55,
3801,2011,2012,2013,FINANZEN UND STEUERN,Einnahmeanteile/Anschlussgebühren,Einlage in Wasser-Anschlussgebühren-Fonds (12.4620),150000,,100000,,313972.5,
3802,2011,2012,2013,FINANZEN UND STEUERN,Einnahmeanteile/Anschlussgebühren,Einlage in Abwasser-Anschlussgebühren-Fonds (13.4620),150000,,100000,,401330.5,
4300,2011,2012,2013,FINANZEN UND STEUERN,Einnahmeanteile/Anschlussgebühren,Wasser-Anschlussgebühren,,150000,,100000,,313972.5
4301,2011,2012,2013,FINANZEN UND STEUERN,Einnahmeanteile/Anschlussgebühren,Abwasser-Anschlussgebühren,,150000,,100000,,401330.5
431,2011,2012,2013,FINANZEN UND STEUERN,Einnahmeanteile/Anschlussgebühren,Einbürgerungsgebühren,,3000,,2000,,3200
4411,2011,2012,2013,FINANZEN UND STEUERN,Einnahmeanteile/Anschlussgebühren,Anteil an Benzinzoll und Motorfahrzeugsteuer,,235000,,210000,,207787.55
4490,2011,2012,2013,FINANZEN UND STEUERN,Einnahmeanteile/Anschlussgebühren,Anteil Ertrag aus CO2-Abgabe,,5000,,,,4125.8
321,2011,2012,2013,FINANZEN UND STEUERN,Kapitaldienst,Verzinsung der Kontokorrentschulden und verschiedener Schuldkonti,500,,5000,,75.65,
322,2011,2012,2013,FINANZEN UND STEUERN,Kapitaldienst,Verzinsung von Anleihen und Darlehen,194000,,280000,,273500,
3230,2011,2012,2013,FINANZEN UND STEUERN,Kapitaldienst,"Verzinsung der Mittel von Spezialfinanzierungen, Fonds und Stiftungen",37280,,88600,,102290,
3231,2011,2012,2013,FINANZEN UND STEUERN,Kapitaldienst,Verzinsung der Mittel der Spezialverwaltungen,6000,,5000,,5793.95,
420,2011,2012,2013,FINANZEN UND STEUERN,Kapitaldienst,Zinsen auf Bank- und  Postguthaben,,2000,,2000,,3485.55
4230,2011,2012,2013,FINANZEN UND STEUERN,Kapitaldienst,Baurechtszinsen,,29100,,29100,,29193.1
4231,2011,2012,2013,FINANZEN UND STEUERN,Kapitaldienst,Zinsen auf Darlehen des Finanzvermögens,,20000,,30000,,23793.9
4232,2011,2012,2013,FINANZEN UND STEUERN,Kapitaldienst,Zinsen auf Investitionsbeiträge,,1600,,2100,,2736.25
426,2011,2012,2013,FINANZEN UND STEUERN,Kapitaldienst,Ertrag aus Beteiligungen (Dividende BS-Bank),,35000,,35000,,44062.5
4905,2011,2012,2013,FINANZEN UND STEUERN,Kapitaldienst,Interne Verrechnungen: Schuldzinsen invest. Kapital,,437300,,322500,,154400
330,2011,2012,2013,FINANZEN UND STEUERN,Buchgewinne und Buchverluste,Passivierungen,,,10000,,8000,
3800,2011,2012,2013,FINANZEN UND STEUERN,Buchgewinne und Buchverluste,Einlage in Fonds für Landerwerb in der Industriezone (16.4620),,,,,160938.1,
424,2011,2012,2013,FINANZEN UND STEUERN,Buchgewinne und Buchverluste,Verkaufserlöse,,,,52800,,213447.7
3000,2011,2012,2013,FINANZEN UND STEUERN,Liegenschaften des Finanzvermögens (entbehrl. Liegensch.),Besoldung ReferentIn,3000,,3200,,2300,
301,2011,2012,2013,FINANZEN UND STEUERN,Liegenschaften des Finanzvermögens (entbehrl. Liegensch.),Besoldungen für Unterhalt,14100,,11500,,14879,
303,2011,2012,2013,FINANZEN UND STEUERN,Liegenschaften des Finanzvermögens (entbehrl. Liegensch.),Sozialversicherungsprämien,4180,,3700,,4337.7,
3120,2011,2012,2013,FINANZEN UND STEUERN,Liegenschaften des Finanzvermögens (entbehrl. Liegensch.),Heizung (alle Liegenschaften),9000,,10000,,5350.35,
3121,2011,2012,2013,FINANZEN UND STEUERN,Liegenschaften des Finanzvermögens (entbehrl. Liegensch.),Stromkosten Steig 14 und altes Schulhaus,1000,,1000,,1188.9,
3122,2011,2012,2013,FINANZEN UND STEUERN,Liegenschaften des Finanzvermögens (entbehrl. Liegensch.),"Wasserzins, Kanalisations- und Kehrichtgebühren",5100,,5000,,5584,
3123,2011,2012,2013,FINANZEN UND STEUERN,Liegenschaften des Finanzvermögens (entbehrl. Liegensch.),SASAG-Gebühren,1000,,1000,,990.15,
314,2011,2012,2013,FINANZEN UND STEUERN,Liegenschaften des Finanzvermögens (entbehrl. Liegensch.),Unterhalt Gebäude und Anlagen,17000,,15000,,19068.3,
314.01,2011,2012,2013,FINANZEN UND STEUERN,Liegenschaften des Finanzvermögens (entbehrl. Liegensch.),Gasheizung Steig 14,,,,,16187.85,
3141,2011,2012,2013,FINANZEN UND STEUERN,Liegenschaften des Finanzvermögens (entbehrl. Liegensch.),Sachaufwand Güter,,,500,,,
3185,2011,2012,2013,FINANZEN UND STEUERN,Liegenschaften des Finanzvermögens (entbehrl. Liegensch.),Sachversicherungen,3100,,3000,,3159.1,
319,2011,2012,2013,FINANZEN UND STEUERN,Liegenschaften des Finanzvermögens (entbehrl. Liegensch.),Verschiedene Ausgaben,500,,500,,824.3,
4230,2011,2012,2013,FINANZEN UND STEUERN,Liegenschaften des Finanzvermögens (entbehrl. Liegensch.),Mietzinseinnahmen,,104400,,95000,,96138
4231,2011,2012,2013,FINANZEN UND STEUERN,Liegenschaften des Finanzvermögens (entbehrl. Liegensch.),Pachtzinseinnahmen,,17000,,16000,,14543.5
4360,2011,2012,2013,FINANZEN UND STEUERN,Liegenschaften des Finanzvermögens (entbehrl. Liegensch.),Rückvergütungen Mieter für Heizung,,6000,,7000,,4720.7
4361,2011,2012,2013,FINANZEN UND STEUERN,Liegenschaften des Finanzvermögens (entbehrl. Liegensch.),Anteil Mieter SASAG-Abo-Geb.,,1000,,1000,,990.2
4362,2011,2012,2013,FINANZEN UND STEUERN,Liegenschaften des Finanzvermögens (entbehrl. Liegensch.),Rückerstattung Mieter für Nebenkosten,,1700,,1700,,1580
439,2011,2012,2013,FINANZEN UND STEUERN,Liegenschaften des Finanzvermögens (entbehrl. Liegensch.),Verschiedene Einnahmen/Rückverg. von Versicherung,,,,,,1420
331,2011,2012,2013,FINANZEN UND STEUERN,Abschreibungen,Abschreibungen auf FC Beringen Garderobeng.,21500,,21500,,21500,
3311,2011,2012,2013,FINANZEN UND STEUERN,Abschreibungen,Abschreibungen auf Investitionen Schule,232700,,197700,,48870.3,
3313,2011,2012,2013,FINANZEN UND STEUERN,Abschreibungen,Abschreibungen auf Strassenbauinvestitionen,331400,,239800,,161777.3,
3315,2011,2012,2013,FINANZEN UND STEUERN,Abschreibungen,Abschreibungen auf Kanalisationen,151300,,463900,,77683.65,
3316,2011,2012,2013,FINANZEN UND STEUERN,Abschreibungen,Abschreibungen auf Sachgüter Wasserversorgung,244200,,355100,,227129.35,
3317,2011,2012,2013,FINANZEN UND STEUERN,Abschreibungen,Abschreibungen auf andere Investitionen,213400,,120100,,80565.7,
3320,2011,2012,2013,FINANZEN UND STEUERN,Abschreibungen,Zusätzliche Abschreibungen,,,,,937400,
3350,2011,2012,2013,FINANZEN UND STEUERN,Abschreibungen,Zusätzliche Abschreibungen infolge Verkauf BS Aktien,,,,,45000,
4900,2011,2012,2013,FINANZEN UND STEUERN,Abschreibungen,Interne Verrechnungen,,1194500,,1398100,,1599926.3
,2011,2012,2013,,,,,,,,,
,2011,2012,2013,,,,,,,,,
